delivery_id,sale_id,dc_id,carrier,tracking_number,dispatch_date,estimated_delivery_date,actual_delivery_date,delivery_status,weight_kg,packages,signature_required,total_amount
ALB-2025-0000001,SO-2025-0000001,DC_BCN,MRW,7640268423980,2025-12-22,2025-12-25,2025-12-25,delivered,2.7,1,False,67.1
ALB-2025-0000004,SO-2025-0000006,DC_SEV,SEUR,3795481442920,2025-12-23,2025-12-25,2025-12-25,delivered,9.3,1,True,193.93
ALB-2025-0000005,SO-2025-0000007,DC_ZGZ,SEUR,2983648645874,2025-12-23,2025-12-25,2025-12-25,delivered,2.4,1,False,66.58
ALB-2025-0000006,SO-2025-0000008,DC_BCN,GLS,2196334270026,2025-12-24,2025-12-25,2025-12-25,delivered,1.5,1,False,32.65
ALB-2025-0000012,SO-2025-0000018,DC_BCN,MRW,8821538595988,2025-12-24,2025-12-25,2025-12-25,delivered,3.3,1,False,58.16
ALB-2025-0000002,SO-2025-0000003,DC_BCN,Correos Express,6480597325708,2025-12-23,2025-12-26,2025-12-26,delivered,10.5,1,True,155.04
ALB-2025-0000008,SO-2025-0000013,DC_SEV,SEUR,0725724271504,2025-12-24,2025-12-26,2025-12-26,delivered,9.3,1,True,185.29
ALB-2025-0000010,SO-2025-0000016,DC_MAD,MRW,4847769147910,2025-12-24,2025-12-26,2025-12-26,delivered,3.3,1,True,109.51
ALB-2025-0000016,SO-2025-0000023,DC_BCN,SEUR,3765456927250,2025-12-25,2025-12-26,2025-12-26,delivered,4.8,1,False,75.39
ALB-2025-0000018,SO-2025-0000026,DC_BCN,Correos Express,6710829484950,2025-12-25,2025-12-26,2025-12-26,delivered,3.0,1,False,71.45
ALB-2025-0000011,SO-2025-0000017,DC_MAD,MRW,6923912073952,2025-12-24,2025-12-27,2025-12-27,delivered,1.5,1,False,29.05
ALB-2025-0000015,SO-2025-0000022,DC_ZGZ,GLS,9156662866005,2025-12-25,2025-12-27,2025-12-27,delivered,6.0,1,True,119.06
ALB-2025-0000019,SO-2025-0000027,DC_BCN,MRW,1744827843651,2025-12-25,2025-12-27,2025-12-27,delivered,2.7,1,False,96.04
ALB-2025-0000023,SO-2025-0000032,DC_BCN,SEUR,3375916886619,2025-12-26,2025-12-27,2025-12-28,delivered,3.0,1,False,91.83
ALB-2025-0000007,SO-2025-0000012,DC_ZGZ,MRW,3873556780039,2025-12-24,2025-12-28,2025-12-28,delivered,3.3,1,True,116.06
ALB-2025-0000009,SO-2025-0000014,DC_SEV,SEUR,2163096083793,2025-12-24,2025-12-28,2025-12-28,delivered,5.1,1,False,75.73
ALB-2025-0000013,SO-2025-0000019,DC_ZGZ,MRW,8626180801994,2025-12-25,2025-12-28,2025-12-29,delivered,0.9,1,False,31.88
ALB-2025-0000017,SO-2025-0000025,DC_BCN,SEUR,7345889422944,2025-12-25,2025-12-28,2025-12-28,delivered,0.3,1,False,19.9
ALB-2025-0000020,SO-2025-0000029,DC_BCN,GLS,6773483180295,2025-12-26,2025-12-28,2025-12-28,delivered,4.8,1,True,143.36
ALB-2025-0000021,SO-2025-0000030,DC_BCN,SEUR,0917248736615,2025-12-26,2025-12-28,2025-12-28,delivered,6.9,1,True,116.3
ALB-2025-0000025,SO-2025-0000036,DC_MAD,Correos Express,4153979921362,2025-12-26,2025-12-28,2025-12-28,delivered,4.5,1,False,85.48
ALB-2025-0000030,SO-2025-0000045,DC_ZGZ,MRW,9491531536657,2025-12-27,2025-12-28,2025-12-28,delivered,2.1,1,False,52.32
ALB-2025-0000032,SO-2025-0000048,DC_VLC,GLS,3832983540284,2025-12-27,2025-12-28,2025-12-28,delivered,2.1,1,False,98.64
ALB-2025-0000033,SO-2025-0000049,DC_BCN,MRW,7665221957149,2025-12-27,2025-12-28,2025-12-28,delivered,1.2,1,False,52.6
ALB-2025-0000003,SO-2025-0000005,DC_SEV,SEUR,3560325645935,2025-12-23,2025-12-29,2025-12-29,delivered,5.1,1,False,59.64
ALB-2025-0000027,SO-2025-0000040,DC_BCN,SEUR,9875036051737,2025-12-27,2025-12-29,2025-12-29,delivered,1.8,1,False,66.77
ALB-2025-0000031,SO-2025-0000047,DC_BCN,MRW,1285359799863,2025-12-27,2025-12-29,2025-12-29,delivered,3.6,1,False,76.61
ALB-2025-0000014,SO-2025-0000020,DC_ZGZ,SEUR,3605064987722,2025-12-25,2025-12-30,2025-12-30,delivered,1.8,1,False,31.52
ALB-2025-0000022,SO-2025-0000031,DC_ZGZ,SEUR,5751710293809,2025-12-26,2025-12-30,2025-12-30,delivered,6.0,1,True,149.08
ALB-2025-0000024,SO-2025-0000034,DC_SEV,MRW,5605637997761,2025-12-26,2025-12-30,2025-12-30,delivered,0.6,1,False,40.6
ALB-2025-0000026,SO-2025-0000039,DC_BCN,MRW,6129145589504,2025-12-27,2025-12-30,2025-12-30,delivered,3.9,1,False,68.86
ALB-2025-0000028,SO-2025-0000043,DC_MAD,SEUR,8418326045523,2025-12-27,2025-12-30,2025-12-30,delivered,4.8,1,True,121.9
ALB-2025-0000036,SO-2025-0000053,DC_ZGZ,MRW,7869026412738,2025-12-29,2025-12-30,2025-12-30,delivered,0.6,1,False,39.64
ALB-2025-0000029,SO-2025-0000044,DC_SEV,MRW,9800286421246,2025-12-27,2025-12-31,2025-12-31,delivered,3.9,1,False,78.46
ALB-2025-0000037,SO-2025-0000055,DC_BCN,SEUR,4207686284244,2025-12-29,2025-12-31,2025-12-31,delivered,1.2,1,False,27.55
ALB-2025-0000043,SO-2025-0000063,DC_BCN,MRW,7714659002611,2025-12-30,2025-12-31,2025-12-31,delivered,1.8,1,True,118.99
ALB-2025-0000039,SO-2025-0000058,DC_MAD,SEUR,8307846033252,2025-12-30,2026-01-01,2026-01-02,delivered,1.2,1,False,44.97
ALB-2025-0000042,SO-2025-0000062,DC_ZGZ,GLS,4570258504857,2025-12-30,2026-01-01,2026-01-01,delivered,4.5,1,False,90.47
ALB-2025-0000044,SO-2025-0000065,DC_SEV,MRW,1017934980961,2025-12-30,2026-01-01,2026-01-01,delivered,3.9,1,False,90.81
ALB-2025-0000046,SO-2025-0000068,DC_BCN,MRW,3545787098509,2025-12-30,2026-01-01,2026-01-01,delivered,0.3,1,False,82.68
ALB-2025-0000047,SO-2025-0000070,DC_BCN,MRW,6036551900745,2025-12-31,2026-01-01,2026-01-01,delivered,10.5,1,True,194.28
ALB-2025-0000053,SO-2025-0000079,DC_BCN,MRW,7908776818593,2025-12-31,2026-01-01,2026-01-01,delivered,1.5,1,False,31.33
ALB-2025-0000056,SO-2025-0000085,DC_BCN,MRW,6817880049416,2025-12-31,2026-01-01,2026-01-01,delivered,8.7,1,True,199.64
ALB-2025-0000034,SO-2025-0000051,DC_SEV,SEUR,4489596055780,2025-12-29,2026-01-02,2026-01-02,delivered,1.8,1,False,24.32
ALB-2025-0000035,SO-2025-0000052,DC_MAD,Correos Express,2653863361450,2025-12-29,2026-01-02,2026-01-02,delivered,3.3,1,False,62.85
ALB-2025-0000040,SO-2025-0000059,DC_ZGZ,SEUR,0739556238662,2025-12-30,2026-01-02,2026-01-02,delivered,1.8,1,False,41.48
ALB-2025-0000041,SO-2025-0000061,DC_BCN,MRW,8508280092400,2025-12-30,2026-01-02,2026-01-02,delivered,5.4,1,False,75.43
ALB-2025-0000048,SO-2025-0000072,DC_BCN,Correos Express,3343082572233,2025-12-31,2026-01-02,2026-01-02,delivered,3.0,1,False,38.05
ALB-2026-0000064,SO-2026-0000095,DC_BCN,SEUR,3788824378280,2026-01-01,2026-01-02,2026-01-02,delivered,2.4,1,False,33.04
ALB-2025-0000038,SO-2025-0000056,DC_SEV,MRW,9897100194162,2025-12-29,2026-01-03,2026-01-03,delivered,6.9,1,True,141.8
ALB-2025-0000045,SO-2025-0000067,DC_ZGZ,GLS,1122905832843,2025-12-30,2026-01-03,2026-01-03,delivered,1.5,1,False,32.03
ALB-2025-0000049,SO-2025-0000074,DC_ZGZ,MRW,3653381853060,2025-12-31,2026-01-03,2026-01-03,delivered,6.0,1,True,114.11
ALB-2025-0000050,SO-2025-0000075,DC_ZGZ,GLS,0286320103350,2025-12-31,2026-01-03,2026-01-03,delivered,2.7,1,False,48.66
ALB-2025-0000051,SO-2025-0000077,DC_BCN,Correos Express,1378760904465,2025-12-31,2026-01-03,2026-01-03,delivered,2.1,1,False,34.7
ALB-2025-0000054,SO-2025-0000081,DC_SEV,GLS,9665483390873,2025-12-31,2026-01-03,2026-01-03,delivered,11.4,1,True,201.28
ALB-2025-0000055,SO-2025-0000082,DC_BCN,SEUR,2065316427243,2025-12-31,2026-01-03,2026-01-04,delivered,11.4,1,True,265.09
ALB-2026-0000061,SO-2026-0000092,DC_MAD,GLS,8076811526590,2026-01-01,2026-01-03,2026-01-03,delivered,3.6,1,False,50.52
ALB-2026-0000070,SO-2026-0000103,DC_BCN,MRW,7096034735803,2026-01-02,2026-01-03,2026-01-03,delivered,3.0,1,False,74.93
ALB-2025-0000052,SO-2025-0000078,DC_ZGZ,MRW,7209748210402,2025-12-31,2026-01-04,2026-01-04,delivered,6.6,1,True,137.2
ALB-2025-0000058,SO-2025-0000087,DC_SEV,MRW,6794368677776,2025-12-31,2026-01-04,2026-01-04,delivered,8.4,1,True,185.79
ALB-2025-0000059,SO-2025-0000088,DC_SEV,GLS,9516416792926,2025-12-31,2026-01-04,2026-01-04,delivered,2.4,1,False,93.4
ALB-2026-0000063,SO-2026-0000094,DC_BCN,SEUR,0101353863371,2026-01-01,2026-01-04,2026-01-07,delivered,1.2,1,False,25.06
ALB-2026-0000068,SO-2026-0000100,DC_ZGZ,GLS,0774243818151,2026-01-02,2026-01-04,2026-01-04,delivered,3.3,1,False,51.19
ALB-2025-0000057,SO-2025-0000086,DC_ZGZ,GLS,9723866478348,2025-12-31,2026-01-05,2026-01-05,delivered,13.5,1,True,285.5
ALB-2026-0000062,SO-2026-0000093,DC_MAD,MRW,8716978420970,2026-01-01,2026-01-05,2026-01-05,delivered,3.6,1,False,83.49
ALB-2026-0000065,SO-2026-0000096,DC_ZGZ,SEUR,3192046672558,2026-01-01,2026-01-05,2026-01-05,delivered,2.1,1,False,62.75
ALB-2026-0000072,SO-2026-0000108,DC_SEV,SEUR,5243054976816,2026-01-03,2026-01-05,2026-01-05,delivered,6.9,1,True,143.85
ALB-2026-0000074,SO-2026-0000110,DC_ZGZ,MRW,6020802381256,2026-01-03,2026-01-05,2026-01-05,delivered,0.6,1,False,47.25
ALB-2026-0000060,SO-2026-0000091,DC_ZGZ,MRW,3384161578333,2026-01-01,2026-01-06,2026-01-06,delivered,1.2,1,True,149.34
ALB-2026-0000067,SO-2026-0000099,DC_ZGZ,MRW,4148992705271,2026-01-02,2026-01-06,2026-01-06,delivered,3.3,1,False,70.7
ALB-2026-0000069,SO-2026-0000101,DC_SEV,MRW,7025312460933,2026-01-02,2026-01-06,2026-01-06,delivered,0.9,1,False,12.72
ALB-2026-0000071,SO-2026-0000105,DC_ZGZ,MRW,5620519322505,2026-01-02,2026-01-06,2026-01-06,delivered,2.4,1,False,56.64
ALB-2026-0000073,SO-2026-0000109,DC_MAD,GLS,2620085480503,2026-01-03,2026-01-06,2026-01-08,delivered,1.2,1,False,31.15
ALB-2026-0000078,SO-2026-0000117,DC_VLC,MRW,1776362855297,2026-01-05,2026-01-06,2026-01-06,delivered,3.3,1,True,100.74
ALB-2026-0000066,SO-2026-0000098,DC_SEV,SEUR,5126799157593,2026-01-01,2026-01-07,2026-01-08,delivered,1.8,1,False,42.07
ALB-2026-0000076,SO-2026-0000114,DC_BCN,MRW,8642819367883,2026-01-05,2026-01-07,2026-01-07,delivered,3.3,1,False,82.44
ALB-2026-0000082,SO-2026-0000122,DC_BCN,MRW,5143791332680,2026-01-07,2026-01-08,2026-01-08,delivered,1.5,1,False,41.52
ALB-2026-0000077,SO-2026-0000116,DC_MAD,Correos Express,2348672794118,2026-01-05,2026-01-09,2026-01-09,delivered,0.3,1,False,16.5
ALB-2026-0000081,SO-2026-0000121,DC_BCN,MRW,8159439584551,2026-01-07,2026-01-09,2026-01-09,delivered,1.8,1,False,33.71
ALB-2026-0000075,SO-2026-0000113,DC_ZGZ,GLS,2113778690978,2026-01-05,2026-01-10,2026-01-10,delivered,1.2,1,False,20.36
ALB-2026-0000079,SO-2026-0000119,DC_MAD,MRW,6946632143350,2026-01-07,2026-01-10,2026-01-10,delivered,1.2,1,False,48.3
ALB-2026-0000080,SO-2026-0000120,DC_MAD,MRW,6964637681889,2026-01-07,2026-01-10,2026-01-10,delivered,6.6,1,True,140.17
ALB-2026-0000086,SO-2026-0000128,DC_MAD,GLS,7887859892299,2026-01-08,2026-01-10,2026-01-10,delivered,0.3,1,False,16.5
ALB-2026-0000083,SO-2026-0000123,DC_MAD,MRW,7115169028452,2026-01-07,2026-01-11,2026-01-11,delivered,3.6,1,False,53.29
ALB-2026-0000085,SO-2026-0000127,DC_BCN,GLS,1284267473730,2026-01-08,2026-01-11,2026-01-11,delivered,1.8,1,False,26.1
ALB-2026-0000087,SO-2026-0000132,DC_ZGZ,GLS,4811851368977,2026-01-09,2026-01-11,2026-01-11,delivered,1.2,1,False,29.23
ALB-2026-0000088,SO-2026-0000133,DC_MAD,SEUR,3858973932518,2026-01-09,2026-01-11,2026-01-11,delivered,8.4,1,True,262.0
ALB-2026-0000089,SO-2026-0000135,DC_BCN,MRW,0370470290320,2026-01-10,2026-01-11,2026-01-11,delivered,4.2,1,False,53.89
ALB-2026-0000091,SO-2026-0000138,DC_ZGZ,MRW,5134779354929,2026-01-10,2026-01-11,2026-01-11,delivered,1.2,1,False,31.48
ALB-2026-0000084,SO-2026-0000125,DC_SEV,SEUR,5357329581272,2026-01-08,2026-01-12,2026-01-15,delivered,2.1,1,False,41.03
ALB-2026-0000092,SO-2026-0000140,DC_ZGZ,GLS,0659762570284,2026-01-11,2026-01-12,2026-01-12,delivered,2.1,1,False,31.31
ALB-2026-0000093,SO-2026-0000141,DC_BCN,MRW,3923280054921,2026-01-12,2026-01-13,2026-01-13,delivered,0.6,1,False,19.35
ALB-2026-0000095,SO-2026-0000143,DC_MAD,MRW,4505648871612,2026-01-13,2026-01-15,2026-01-15,delivered,2.7,1,False,91.58
ALB-2026-0000097,SO-2026-0000145,DC_BCN,MRW,9342754621794,2026-01-13,2026-01-15,2026-01-15,delivered,2.4,1,False,77.72
ALB-2026-0000090,SO-2026-0000137,DC_SEV,MRW,9635972081227,2026-01-10,2026-01-16,2026-01-16,delivered,0.6,1,False,11.35
ALB-2026-0000094,SO-2026-0000142,DC_MAD,GLS,4425908543953,2026-01-12,2026-01-16,2026-01-16,delivered,2.4,1,False,80.46
ALB-2026-0000096,SO-2026-0000144,DC_SEV,GLS,0531791515058,2026-01-13,2026-01-16,2026-01-19,delivered,3.9,1,False,53.0
ALB-2026-0000099,SO-2026-0000150,DC_VLC,MRW,7983827183179,2026-01-14,2026-01-17,2026-01-17,delivered,4.5,1,False,67.58
ALB-2026-0000101,SO-2026-0000152,DC_BCN,SEUR,2966502020984,2026-01-15,2026-01-17,2026-01-17,delivered,3.0,1,False,60.73
ALB-2026-0000102,SO-2026-0000154,DC_MAD,MRW,4323691472053,2026-01-15,2026-01-17,2026-01-17,delivered,8.4,1,True,190.37
ALB-2026-0000107,SO-2026-0000159,DC_BCN,SEUR,5141824999871,2026-01-16,2026-01-17,2026-01-17,delivered,1.8,1,False,24.34
ALB-2026-0000098,SO-2026-0000149,DC_ZGZ,GLS,1401792581092,2026-01-14,2026-01-18,2026-01-18,delivered,1.8,1,False,36.1
ALB-2026-0000103,SO-2026-0000155,DC_ZGZ,SEUR,6442773813440,2026-01-15,2026-01-18,2026-01-18,delivered,2.4,1,False,52.77
ALB-2026-0000104,SO-2026-0000156,DC_VLC,SEUR,9519965812969,2026-01-15,2026-01-18,2026-01-18,delivered,11.4,1,True,234.08
ALB-2026-0000108,SO-2026-0000161,DC_ZGZ,SEUR,8793124386756,2026-01-17,2026-01-18,2026-01-18,delivered,2.1,1,False,67.5
ALB-2026-0000100,SO-2026-0000151,DC_MAD,SEUR,2249737432342,2026-01-15,2026-01-19,2026-01-19,delivered,3.6,1,False,78.12
ALB-2026-0000105,SO-2026-0000157,DC_BCN,MRW,7486202010824,2026-01-16,2026-01-19,2026-01-19,delivered,1.2,1,False,34.59
ALB-2026-0000110,SO-2026-0000163,DC_ZGZ,MRW,9802081094765,2026-01-17,2026-01-19,2026-01-19,delivered,1.8,1,False,21.51
ALB-2026-0000111,SO-2026-0000164,DC_ZGZ,MRW,9796466048682,2026-01-17,2026-01-19,2026-01-21,delivered,3.6,1,False,72.18
ALB-2026-0000106,SO-2026-0000158,DC_SEV,MRW,7866805310987,2026-01-16,2026-01-20,2026-01-20,delivered,3.0,1,False,64.37
ALB-2026-0000109,SO-2026-0000162,DC_ZGZ,GLS,2896430439069,2026-01-17,2026-01-20,2026-01-20,delivered,3.0,1,False,65.02
ALB-2026-0000112,SO-2026-0000168,DC_BCN,SEUR,3571752002788,2026-01-18,2026-01-20,2026-01-20,delivered,2.1,1,False,40.02
ALB-2026-0000113,SO-2026-0000170,DC_VLC,SEUR,9155202574115,2026-01-19,2026-01-21,2026-01-21,delivered,4.8,1,False,62.46
ALB-2026-0000116,SO-2026-0000174,DC_BCN,MRW,6402975318688,2026-01-20,2026-01-21,2026-01-21,delivered,3.9,1,False,66.83
ALB-2026-0000115,SO-2026-0000172,DC_ZGZ,GLS,2027656596903,2026-01-20,2026-01-22,2026-01-22,delivered,2.7,1,False,55.04
ALB-2026-0000117,SO-2026-0000175,DC_ZGZ,MRW,8180328848284,2026-01-20,2026-01-22,2026-01-22,delivered,1.2,1,False,19.13
ALB-2026-0000119,SO-2026-0000178,DC_BCN,MRW,5188524891230,2026-01-21,2026-01-22,2026-01-22,delivered,1.5,1,False,76.1
ALB-2026-0000120,SO-2026-0000179,DC_ZGZ,MRW,1591443312421,2026-01-21,2026-01-22,2026-01-22,delivered,1.2,1,False,39.1
ALB-2026-0000121,SO-2026-0000180,DC_BCN,MRW,7237156973659,2026-01-22,2026-01-23,2026-01-23,delivered,4.2,1,False,51.07
ALB-2026-0000114,SO-2026-0000171,DC_ZGZ,GLS,8781487806188,2026-01-20,2026-01-24,2026-01-24,delivered,2.1,1,False,38.52
ALB-2026-0000118,SO-2026-0000176,DC_MAD,GLS,0498186309591,2026-01-20,2026-01-24,2026-01-24,delivered,4.2,1,True,203.56
ALB-2026-0000124,SO-2026-0000184,DC_MAD,Correos Express,1192593432422,2026-01-22,2026-01-24,2026-01-24,delivered,2.4,1,False,36.54
ALB-2026-0000127,SO-2026-0000188,DC_VLC,MRW,4103642149410,2026-01-22,2026-01-24,2026-01-24,delivered,4.5,1,False,72.94
ALB-2026-0000122,SO-2026-0000182,DC_MAD,SEUR,1084362842350,2026-01-22,2026-01-25,2026-01-25,delivered,3.3,1,False,47.6
ALB-2026-0000123,SO-2026-0000183,DC_MAD,SEUR,1904186587121,2026-01-22,2026-01-25,2026-01-25,delivered,4.2,1,True,142.89
ALB-2026-0000125,SO-2026-0000185,DC_BCN,Correos Express,7620100524550,2026-01-22,2026-01-25,2026-01-25,delivered,1.8,1,False,24.98
ALB-2026-0000130,SO-2026-0000193,DC_ZGZ,GLS,2647770182813,2026-01-23,2026-01-25,2026-01-25,delivered,1.8,1,False,35.09
ALB-2026-0000133,SO-2026-0000197,DC_BCN,SEUR,3001601280806,2026-01-23,2026-01-25,2026-01-28,delivered,0.6,1,False,79.92
ALB-2026-0000126,SO-2026-0000186,DC_MAD,Correos Express,0364163455998,2026-01-22,2026-01-26,2026-01-26,delivered,0.9,1,False,14.13
ALB-2026-0000128,SO-2026-0000189,DC_ZGZ,MRW,4057404952433,2026-01-22,2026-01-26,2026-01-26,delivered,0.9,1,False,59.25
ALB-2026-0000132,SO-2026-0000195,DC_VLC,MRW,4479805789296,2026-01-23,2026-01-26,2026-01-26,delivered,2.7,1,False,91.53
ALB-2026-0000134,SO-2026-0000198,DC_BCN,GLS,2378088515691,2026-01-24,2026-01-26,2026-01-26,delivered,2.1,1,False,30.85
ALB-2026-0000135,SO-2026-0000199,DC_SEV,MRW,6085435648040,2026-01-24,2026-01-26,2026-01-26,delivered,2.4,1,False,76.41
ALB-2026-0000138,SO-2026-0000202,DC_BCN,MRW,0719205185086,2026-01-24,2026-01-26,2026-01-26,delivered,9.3,1,True,174.22
ALB-2026-0000139,SO-2026-0000203,DC_VLC,MRW,8865287286199,2026-01-24,2026-01-26,2026-01-26,delivered,3.9,1,False,64.2
ALB-2026-0000129,SO-2026-0000191,DC_MAD,SEUR,9552254099444,2026-01-23,2026-01-27,2026-01-27,delivered,1.8,1,False,61.96
ALB-2026-0000131,SO-2026-0000194,DC_SEV,MRW,9520436792564,2026-01-23,2026-01-27,2026-01-27,delivered,2.4,1,False,56.66
ALB-2026-0000136,SO-2026-0000200,DC_BCN,SEUR,4024197452054,2026-01-24,2026-01-27,2026-01-27,delivered,4.2,1,False,76.21
ALB-2026-0000137,SO-2026-0000201,DC_SEV,SEUR,6680537720298,2026-01-24,2026-01-27,2026-01-27,delivered,1.5,1,False,42.45
ALB-2026-0000140,SO-2026-0000204,DC_ZGZ,SEUR,7015690458849,2026-01-26,2026-01-27,2026-01-27,delivered,1.5,1,False,34.07
ALB-2026-0000146,SO-2026-0000213,DC_BCN,MRW,1163964388835,2026-01-27,2026-01-28,2026-01-28,delivered,1.2,1,False,14.65
ALB-2026-0000141,SO-2026-0000207,DC_BCN,MRW,0546306824551,2026-01-26,2026-01-29,2026-01-29,delivered,0.9,1,False,52.19
ALB-2026-0000144,SO-2026-0000211,DC_MAD,GLS,3950399727046,2026-01-27,2026-01-29,2026-01-29,delivered,5.1,1,False,80.62
ALB-2026-0000142,SO-2026-0000208,DC_ZGZ,SEUR,5315082652475,2026-01-27,2026-01-30,2026-01-30,delivered,0.3,1,False,15.36
ALB-2026-0000143,SO-2026-0000210,DC_ZGZ,MRW,2236290891042,2026-01-27,2026-01-31,2026-01-31,delivered,5.1,1,True,100.4
ALB-2026-0000145,SO-2026-0000212,DC_SEV,MRW,8893122407641,2026-01-27,2026-01-31,2026-01-31,delivered,2.7,1,False,69.14
ALB-2026-0000149,SO-2026-0000216,DC_ZGZ,GLS,2987107030593,2026-01-28,2026-01-31,2026-01-31,delivered,5.4,1,False,99.48
ALB-2026-0000150,SO-2026-0000218,DC_MAD,MRW,5997311157120,2026-01-29,2026-01-31,2026-01-31,delivered,1.8,1,False,41.95
ALB-2026-0000158,SO-2026-0000227,DC_BCN,MRW,3510195314820,2026-01-30,2026-01-31,2026-01-31,delivered,3.6,1,False,31.97
ALB-2026-0000147,SO-2026-0000214,DC_MAD,SEUR,1868462190082,2026-01-28,2026-02-01,2026-02-01,delivered,6.9,1,False,94.29
ALB-2026-0000148,SO-2026-0000215,DC_SEV,MRW,7987710403486,2026-01-28,2026-02-01,2026-02-01,delivered,2.4,1,False,68.86
ALB-2026-0000152,SO-2026-0000220,DC_SEV,SEUR,3086926869519,2026-01-29,2026-02-01,2026-02-01,delivered,1.8,1,False,33.12
ALB-2026-0000153,SO-2026-0000221,DC_MAD,SEUR,6824387066856,2026-01-29,2026-02-01,2026-02-01,delivered,5.4,1,False,85.9
ALB-2026-0000154,SO-2026-0000223,DC_MAD,SEUR,4899528686508,2026-01-30,2026-02-02,2026-02-02,delivered,2.4,1,False,59.46
ALB-2026-0000157,SO-2026-0000226,DC_BCN,MRW,6074528980302,2026-01-30,2026-02-02,2026-02-02,delivered,6.0,1,False,78.86
ALB-2026-0000159,SO-2026-0000228,DC_BCN,GLS,7598906820286,2026-01-30,2026-02-02,2026-02-02,delivered,2.4,1,False,36.94
ALB-2026-0000161,SO-2026-0000233,DC_MAD,SEUR,8620967081909,2026-01-31,2026-02-02,2026-02-02,delivered,6.6,1,True,162.7
ALB-2026-0000155,SO-2026-0000224,DC_ZGZ,MRW,2484876288949,2026-01-30,2026-02-03,2026-02-03,delivered,1.5,1,False,14.4
ALB-2026-0000156,SO-2026-0000225,DC_SEV,SEUR,2610537834908,2026-01-30,2026-02-03,2026-02-03,delivered,2.4,1,False,50.62
ALB-2026-0000162,SO-2026-0000234,DC_ZGZ,SEUR,4138821619804,2026-01-31,2026-02-03,2026-02-03,delivered,1.2,1,False,47.91
ALB-2026-0000151,SO-2026-0000219,DC_SEV,SEUR,9548473535003,2026-01-29,2026-02-04,2026-02-04,delivered,0.6,1,False,9.6
ALB-2026-0000160,SO-2026-0000230,DC_ZGZ,GLS,6002420032922,2026-01-31,2026-02-04,2026-02-04,delivered,4.5,1,False,97.79
ALB-2026-0000163,SO-2026-0000236,DC_BCN,MRW,2181648925816,2026-02-01,2026-02-04,2026-02-04,delivered,3.6,1,True,160.85
ALB-2026-0000164,SO-2026-0000238,DC_ZGZ,MRW,2469039139274,2026-02-02,2026-02-04,2026-02-04,delivered,1.8,1,False,50.69
ALB-2026-0000168,SO-2026-0000242,DC_BCN,MRW,2039284554004,2026-02-03,2026-02-04,2026-02-04,delivered,1.8,1,False,29.4
ALB-2026-0000169,SO-2026-0000243,DC_BCN,SEUR,4116880299729,2026-02-03,2026-02-04,2026-02-04,delivered,1.5,1,False,69.96
ALB-2026-0000165,SO-2026-0000239,DC_ZGZ,Correos Express,0339869787848,2026-02-02,2026-02-05,2026-02-05,delivered,0.9,1,False,32.75
ALB-2026-0000167,SO-2026-0000241,DC_MAD,Correos Express,6829663379749,2026-02-03,2026-02-06,2026-02-06,delivered,0.9,1,False,21.58
ALB-2026-0000170,SO-2026-0000244,DC_MAD,Correos Express,6730593983626,2026-02-03,2026-02-06,2026-02-10,delivered,0.6,1,False,16.32
ALB-2026-0000173,SO-2026-0000247,DC_MAD,MRW,7589937438583,2026-02-04,2026-02-06,2026-02-06,delivered,0.9,1,False,55.83
ALB-2026-0000174,SO-2026-0000248,DC_ZGZ,GLS,3219397168798,2026-02-05,2026-02-06,2026-02-06,delivered,3.3,1,False,60.71
ALB-2026-0000166,SO-2026-0000240,DC_MAD,GLS,1760582876756,2026-02-03,2026-02-07,2026-02-07,delivered,1.8,1,False,35.32
ALB-2026-0000177,SO-2026-0000251,DC_SEV,MRW,1855032129043,2026-02-05,2026-02-07,2026-02-08,delivered,2.1,1,False,36.7
ALB-2026-0000179,SO-2026-0000254,DC_ZGZ,Correos Express,7069706996767,2026-02-06,2026-02-07,2026-02-07,delivered,0.6,1,False,63.92
ALB-2026-0000183,SO-2026-0000258,DC_BCN,MRW,0436325853024,2026-02-06,2026-02-07,2026-02-07,delivered,0.6,1,False,78.09
ALB-2026-0000172,SO-2026-0000246,DC_MAD,GLS,3282700635820,2026-02-04,2026-02-08,2026-02-08,delivered,1.2,1,False,22.9
ALB-2026-0000175,SO-2026-0000249,DC_BCN,MRW,2812584915215,2026-02-05,2026-02-08,2026-02-08,delivered,1.5,1,False,37.86
ALB-2026-0000176,SO-2026-0000250,DC_ZGZ,MRW,6545777713290,2026-02-05,2026-02-08,2026-02-08,delivered,3.3,1,False,45.21
ALB-2026-0000180,SO-2026-0000255,DC_ZGZ,MRW,3388647312005,2026-02-06,2026-02-08,2026-02-08,delivered,2.7,1,False,74.54
ALB-2026-0000182,SO-2026-0000257,DC_BCN,GLS,7164004484330,2026-02-06,2026-02-08,2026-02-08,delivered,5.1,1,True,209.66
ALB-2026-0000171,SO-2026-0000245,DC_ZGZ,SEUR,3197207379130,2026-02-04,2026-02-09,2026-02-09,delivered,0.6,1,False,16.17
ALB-2026-0000178,SO-2026-0000252,DC_ZGZ,SEUR,9892607509636,2026-02-05,2026-02-09,2026-02-09,delivered,3.3,1,False,38.85
ALB-2026-0000185,SO-2026-0000260,DC_VLC,SEUR,9879733310857,2026-02-06,2026-02-09,2026-02-09,delivered,2.7,1,False,58.97
ALB-2026-0000189,SO-2026-0000267,DC_MAD,Correos Express,4558023873628,2026-02-07,2026-02-09,2026-02-09,delivered,0.9,1,False,15.93
ALB-2026-0000181,SO-2026-0000256,DC_ZGZ,MRW,4027563348253,2026-02-06,2026-02-10,2026-02-10,delivered,2.7,1,False,57.46
ALB-2026-0000184,SO-2026-0000259,DC_SEV,MRW,7183704737214,2026-02-06,2026-02-10,2026-02-10,delivered,5.4,1,False,81.59
ALB-2026-0000186,SO-2026-0000263,DC_ZGZ,MRW,0649199338919,2026-02-07,2026-02-10,2026-02-10,delivered,2.7,1,False,95.15
ALB-2026-0000188,SO-2026-0000266,DC_MAD,MRW,2031564376927,2026-02-07,2026-02-10,2026-02-10,delivered,10.5,1,True,283.88
ALB-2026-0000190,SO-2026-0000268,DC_VLC,MRW,8265749146763,2026-02-07,2026-02-10,2026-02-10,delivered,11.1,1,True,288.21
ALB-2026-0000191,SO-2026-0000269,DC_VLC,MRW,2536190819320,2026-02-07,2026-02-10,2026-02-10,delivered,4.2,1,False,65.43
ALB-2026-0000192,SO-2026-0000271,DC_BCN,MRW,0026796645307,2026-02-09,2026-02-11,2026-02-11,delivered,2.1,1,False,44.42
ALB-2026-0000194,SO-2026-0000273,DC_BCN,GLS,0366347726744,2026-02-09,2026-02-11,2026-02-11,delivered,0.6,1,False,76.6
ALB-2026-0000196,SO-2026-0000277,DC_BCN,SEUR,5562029274545,2026-02-10,2026-02-11,2026-02-11,delivered,3.6,1,False,50.44
ALB-2026-0000187,SO-2026-0000264,DC_SEV,GLS,2684858600358,2026-02-07,2026-02-12,2026-02-12,delivered,1.5,1,False,41.02
ALB-2026-0000193,SO-2026-0000272,DC_ZGZ,SEUR,8885452596835,2026-02-09,2026-02-12,2026-02-12,delivered,2.4,1,False,34.24
ALB-2026-0000195,SO-2026-0000274,DC_ZGZ,SEUR,6097850090111,2026-02-09,2026-02-12,2026-02-12,delivered,1.8,1,False,71.95
ALB-2026-0000199,SO-2026-0000282,DC_BCN,GLS,7816708733908,2026-02-11,2026-02-12,2026-02-12,delivered,4.8,1,True,176.01
ALB-2026-0000198,SO-2026-0000279,DC_ZGZ,MRW,2595930402612,2026-02-11,2026-02-13,2026-02-13,delivered,4.5,1,False,78.78
ALB-2026-0000202,SO-2026-0000286,DC_BCN,GLS,9587751639699,2026-02-12,2026-02-13,2026-02-13,delivered,2.1,1,False,67.26
ALB-2026-0000200,SO-2026-0000284,DC_SEV,MRW,6115254380571,2026-02-11,2026-02-14,2026-02-14,delivered,1.2,1,False,22.7
ALB-2026-0000201,SO-2026-0000285,DC_MAD,SEUR,1324224172930,2026-02-11,2026-02-14,2026-02-14,delivered,6.3,1,True,105.99
ALB-2026-0000203,SO-2026-0000289,DC_BCN,GLS,6233064894408,2026-02-13,2026-02-14,2026-02-14,delivered,1.5,1,False,36.05
ALB-2026-0000204,SO-2026-0000290,DC_BCN,SEUR,6054176166805,2026-02-13,2026-02-14,2026-02-15,delivered,2.1,1,False,45.43
ALB-2026-0000197,SO-2026-0000278,DC_MAD,SEUR,0785098755978,2026-02-11,2026-02-15,2026-02-15,delivered,5.7,1,True,107.87
ALB-2026-0000205,SO-2026-0000291,DC_BCN,MRW,5132265470668,2026-02-13,2026-02-15,2026-02-15,delivered,7.5,1,True,179.59
ALB-2026-0000208,SO-2026-0000294,DC_ZGZ,SEUR,1384692373380,2026-02-13,2026-02-15,2026-02-15,delivered,2.1,1,False,35.62
ALB-2026-0000209,SO-2026-0000295,DC_MAD,MRW,0802298922523,2026-02-14,2026-02-16,2026-02-16,delivered,0.3,1,False,44.07
ALB-2026-0000210,SO-2026-0000296,DC_ZGZ,GLS,7421271463742,2026-02-14,2026-02-16,2026-02-16,delivered,2.1,1,False,20.76
ALB-2026-0000211,SO-2026-0000298,DC_ZGZ,MRW,3297116733237,2026-02-14,2026-02-16,2026-02-16,delivered,1.5,1,False,32.85
ALB-2026-0000206,SO-2026-0000292,DC_MAD,MRW,4897550761735,2026-02-13,2026-02-17,2026-02-17,delivered,3.3,1,False,66.82
ALB-2026-0000207,SO-2026-0000293,DC_MAD,MRW,9586053992424,2026-02-13,2026-02-17,2026-02-17,delivered,1.5,1,False,13.07
ALB-2026-0000212,SO-2026-0000301,DC_MAD,MRW,5616096836312,2026-02-16,2026-02-18,2026-02-18,delivered,3.0,1,True,172.12
ALB-2026-0000213,SO-2026-0000302,DC_ZGZ,GLS,5279954872557,2026-02-16,2026-02-19,2026-02-19,delivered,0.3,1,False,25.0
ALB-2026-0000214,SO-2026-0000304,DC_BCN,SEUR,7138357167375,2026-02-17,2026-02-19,2026-02-19,delivered,4.8,1,False,74.9
ALB-2026-0000215,SO-2026-0000305,DC_BCN,MRW,2150846718645,2026-02-18,2026-02-20,2026-02-20,delivered,1.5,1,False,22.35
ALB-2026-0000222,SO-2026-0000312,DC_BCN,MRW,3565527737704,2026-02-19,2026-02-20,2026-02-20,delivered,3.0,1,False,50.55
ALB-2026-0000216,SO-2026-0000306,DC_MAD,MRW,0847844406893,2026-02-18,2026-02-21,2026-02-21,delivered,1.2,1,False,54.54
ALB-2026-0000219,SO-2026-0000309,DC_BCN,MRW,6415039536216,2026-02-18,2026-02-21,2026-02-21,delivered,2.7,1,False,55.03
ALB-2026-0000220,SO-2026-0000310,DC_BCN,SEUR,5829873215355,2026-02-18,2026-02-21,2026-02-21,delivered,1.5,1,False,33.08
ALB-2026-0000221,SO-2026-0000311,DC_BCN,GLS,1252538452724,2026-02-19,2026-02-21,2026-02-21,delivered,3.6,1,False,63.7
ALB-2026-0000223,SO-2026-0000313,DC_ZGZ,SEUR,0225845534817,2026-02-19,2026-02-21,2026-02-21,delivered,2.7,1,False,67.89
ALB-2026-0000228,SO-2026-0000321,DC_VLC,GLS,7232110208822,2026-02-20,2026-02-21,2026-02-21,delivered,5.4,1,True,175.89
ALB-2026-0000217,SO-2026-0000307,DC_ZGZ,SEUR,1084334216194,2026-02-18,2026-02-22,2026-02-22,delivered,1.2,1,False,34.6
ALB-2026-0000224,SO-2026-0000317,DC_BCN,MRW,9533680522407,2026-02-20,2026-02-22,2026-02-22,delivered,4.5,1,True,113.02
ALB-2026-0000225,SO-2026-0000318,DC_SEV,SEUR,3970441875814,2026-02-20,2026-02-22,2026-02-22,delivered,2.7,1,False,55.02
ALB-2026-0000226,SO-2026-0000319,DC_SEV,MRW,4504325266922,2026-02-20,2026-02-22,2026-02-22,delivered,4.2,1,False,68.37
ALB-2026-0000227,SO-2026-0000320,DC_BCN,MRW,3369672695233,2026-02-20,2026-02-22,2026-02-22,delivered,3.0,1,False,58.32
ALB-2026-0000230,SO-2026-0000323,DC_MAD,SEUR,1838169419472,2026-02-20,2026-02-22,2026-02-22,delivered,1.5,1,False,12.0
ALB-2026-0000232,SO-2026-0000325,DC_BCN,SEUR,1720193599102,2026-02-21,2026-02-22,2026-02-22,delivered,1.2,1,False,35.14
ALB-2026-0000218,SO-2026-0000308,DC_SEV,SEUR,8343948708741,2026-02-18,2026-02-23,2026-02-23,delivered,1.5,1,False,24.33
ALB-2026-0000231,SO-2026-0000324,DC_ZGZ,SEUR,8240388257093,2026-02-21,2026-02-23,2026-02-23,delivered,1.5,1,False,81.34
ALB-2026-0000234,SO-2026-0000327,DC_VLC,GLS,0514799052324,2026-02-21,2026-02-23,2026-02-23,delivered,2.1,1,False,62.4
ALB-2026-0000233,SO-2026-0000326,DC_BCN,GLS,6383069613220,2026-02-21,2026-02-24,2026-02-24,delivered,1.8,1,False,22.93
ALB-2026-0000235,SO-2026-0000329,DC_BCN,SEUR,7837951879704,2026-02-21,2026-02-24,2026-02-24,delivered,2.1,1,False,40.28
ALB-2026-0000236,SO-2026-0000331,DC_BCN,MRW,1862718706055,2026-02-23,2026-02-24,2026-02-24,delivered,1.8,1,False,43.58
ALB-2026-0000229,SO-2026-0000322,DC_SEV,SEUR,0422024246060,2026-02-20,2026-02-25,2026-02-25,delivered,4.8,1,False,96.46
ALB-2026-0000237,SO-2026-0000332,DC_SEV,GLS,8571010506951,2026-02-23,2026-02-25,2026-02-25,delivered,3.3,1,False,79.8
ALB-2026-0000239,SO-2026-0000335,DC_MAD,SEUR,0003275929639,2026-02-23,2026-02-25,2026-02-25,delivered,0.6,1,False,20.41
ALB-2026-0000240,SO-2026-0000336,DC_BCN,MRW,7131793542276,2026-02-23,2026-02-25,2026-02-25,delivered,3.6,1,False,63.98
ALB-2026-0000241,SO-2026-0000341,DC_BCN,SEUR,4843195671286,2026-02-25,2026-02-27,2026-02-27,delivered,0.6,1,False,26.57
ALB-2026-0000242,SO-2026-0000342,DC_BCN,SEUR,9912946698125,2026-02-25,2026-02-27,2026-02-27,delivered,2.4,1,True,114.42
ALB-2026-0000238,SO-2026-0000334,DC_SEV,SEUR,2340763036752,2026-02-23,2026-02-28,2026-02-28,delivered,2.7,1,False,43.68
ALB-2026-0000244,SO-2026-0000346,DC_ZGZ,MRW,0938061891491,2026-02-26,2026-02-28,2026-02-28,delivered,1.8,1,False,30.79
ALB-2026-0000245,SO-2026-0000347,DC_ZGZ,Correos Express,5098334506323,2026-02-26,2026-02-28,2026-02-28,delivered,1.5,1,False,20.08
ALB-2026-0000243,SO-2026-0000345,DC_BCN,MRW,7481847191777,2026-02-26,2026-03-01,2026-03-01,delivered,1.5,1,False,32.87
ALB-2026-0000246,SO-2026-0000348,DC_ZGZ,GLS,4966976714069,2026-02-27,2026-03-01,2026-03-01,delivered,1.8,1,False,95.75
ALB-2026-0000249,SO-2026-0000352,DC_BCN,MRW,4392757729606,2026-02-27,2026-03-01,2026-03-01,delivered,3.3,1,False,59.32
ALB-2026-0000252,SO-2026-0000355,DC_BCN,MRW,7543581697128,2026-02-28,2026-03-01,2026-03-01,delivered,1.2,1,False,20.27
ALB-2026-0000248,SO-2026-0000351,DC_BCN,MRW,2542348668746,2026-02-27,2026-03-02,2026-03-02,delivered,0.3,1,False,65.04
ALB-2026-0000250,SO-2026-0000353,DC_MAD,GLS,0282709200640,2026-02-27,2026-03-02,2026-03-02,delivered,0.6,1,False,20.5
ALB-2026-0000247,SO-2026-0000350,DC_SEV,SEUR,4577620230759,2026-02-27,2026-03-03,2026-03-03,delivered,2.1,1,False,36.6
ALB-2026-0000253,SO-2026-0000356,DC_BCN,MRW,2459738624921,2026-02-28,2026-03-03,2026-03-03,delivered,3.6,1,False,63.01
ALB-2026-0000254,SO-2026-0000359,DC_BCN,MRW,4864579140041,2026-02-28,2026-03-03,2026-03-03,delivered,2.7,1,False,60.57
ALB-2026-0000255,SO-2026-0000360,DC_MAD,Correos Express,4410755206169,2026-02-28,2026-03-03,2026-03-03,delivered,2.7,1,False,65.3
ALB-2026-0000256,SO-2026-0000362,DC_BCN,GLS,1248372415914,2026-03-01,2026-03-03,2026-03-03,delivered,2.4,1,False,45.32
ALB-2026-0000260,SO-2026-0000366,DC_BCN,MRW,1569761673418,2026-03-02,2026-03-03,2026-03-03,delivered,2.4,1,False,32.6
ALB-2026-0000251,SO-2026-0000354,DC_SEV,GLS,6654737963290,2026-02-28,2026-03-04,2026-03-04,delivered,4.8,1,False,93.48
ALB-2026-0000257,SO-2026-0000363,DC_ZGZ,SEUR,2014540891290,2026-03-01,2026-03-04,2026-03-04,delivered,1.8,1,False,58.15
ALB-2026-0000259,SO-2026-0000365,DC_MAD,SEUR,9055149365477,2026-03-02,2026-03-05,2026-03-05,delivered,2.1,1,False,54.75
ALB-2026-0000270,SO-2026-0000382,DC_ZGZ,GLS,8092370881918,2026-03-04,2026-03-05,2026-03-05,delivered,1.5,1,False,26.41
ALB-2026-0000262,SO-2026-0000369,DC_ZGZ,GLS,8700202837562,2026-03-03,2026-03-06,2026-03-08,delivered,0.9,1,False,12.76
ALB-2026-0000263,SO-2026-0000375,DC_SEV,MRW,2763446539619,2026-03-04,2026-03-06,2026-03-06,delivered,6.0,1,True,148.35
ALB-2026-0000265,SO-2026-0000377,DC_BCN,GLS,3736273901042,2026-03-04,2026-03-06,2026-03-06,delivered,5.7,1,True,191.88
ALB-2026-0000258,SO-2026-0000364,DC_ZGZ,SEUR,9106456593553,2026-03-02,2026-03-07,2026-03-08,delivered,1.5,1,False,92.26
ALB-2026-0000261,SO-2026-0000367,DC_SEV,SEUR,5958876075454,2026-03-02,2026-03-07,2026-03-07,delivered,1.5,1,False,41.4
ALB-2026-0000268,SO-2026-0000380,DC_VLC,MRW,3125264929886,2026-03-04,2026-03-07,2026-03-07,delivered,1.2,1,False,73.89
ALB-2026-0000264,SO-2026-0000376,DC_ZGZ,MRW,2206567095273,2026-03-04,2026-03-08,2026-03-08,delivered,1.8,1,False,66.62
ALB-2026-0000266,SO-2026-0000378,DC_SEV,GLS,1967386008005,2026-03-04,2026-03-08,2026-03-08,delivered,4.5,1,False,50.68
ALB-2026-0000267,SO-2026-0000379,DC_SEV,MRW,0005624290392,2026-03-04,2026-03-08,2026-03-08,delivered,0.6,1,False,7.45
ALB-2026-0000269,SO-2026-0000381,DC_ZGZ,MRW,6741669652473,2026-03-04,2026-03-08,2026-03-08,delivered,4.8,1,True,107.81
ALB-2026-0000271,SO-2026-0000384,DC_VLC,MRW,7254024200895,2026-03-05,2026-03-08,2026-03-08,delivered,4.2,1,False,45.92
ALB-2026-0000272,SO-2026-0000387,DC_MAD,MRW,7370656153197,2026-03-05,2026-03-08,2026-03-08,delivered,3.6,1,False,76.91
ALB-2026-0000274,SO-2026-0000389,DC_BCN,Correos Express,6305722044414,2026-03-06,2026-03-08,2026-03-08,delivered,1.8,1,False,45.94
ALB-2026-0000276,SO-2026-0000392,DC_ZGZ,Correos Express,2084785943699,2026-03-06,2026-03-08,2026-03-08,delivered,1.8,1,False,39.71
ALB-2026-0000282,SO-2026-0000401,DC_BCN,MRW,4600733285498,2026-03-07,2026-03-08,2026-03-08,delivered,0.9,1,False,59.04
ALB-2026-0000275,SO-2026-0000391,DC_BCN,MRW,7130502888325,2026-03-06,2026-03-09,2026-03-09,delivered,1.2,1,False,17.08
ALB-2026-0000277,SO-2026-0000393,DC_SEV,MRW,3713470242322,2026-03-07,2026-03-09,2026-03-09,delivered,5.4,1,True,129.66
ALB-2026-0000278,SO-2026-0000394,DC_BCN,MRW,6907389824281,2026-03-07,2026-03-09,2026-03-09,delivered,2.4,1,False,64.77
ALB-2026-0000280,SO-2026-0000397,DC_ZGZ,MRW,1161479939578,2026-03-07,2026-03-09,2026-03-09,delivered,0.3,1,False,15.0
ALB-2026-0000284,SO-2026-0000403,DC_VLC,SEUR,0201629834647,2026-03-08,2026-03-10,2026-03-10,delivered,1.5,1,False,29.9
ALB-2026-0000273,SO-2026-0000388,DC_ZGZ,SEUR,2151772587387,2026-03-06,2026-03-11,2026-03-11,delivered,0.6,1,False,14.8
ALB-2026-0000279,SO-2026-0000396,DC_MAD,GLS,6317686136501,2026-03-07,2026-03-11,2026-03-11,delivered,3.0,1,False,44.14
ALB-2026-0000281,SO-2026-0000398,DC_ZGZ,SEUR,3948234622472,2026-03-07,2026-03-11,2026-03-11,delivered,0.9,1,False,35.07
ALB-2026-0000292,SO-2026-0000414,DC_VLC,MRW,1563645034502,2026-03-10,2026-03-11,2026-03-11,delivered,3.0,1,False,94.75
ALB-2026-0000283,SO-2026-0000402,DC_ZGZ,MRW,8906058352851,2026-03-08,2026-03-12,2026-03-12,delivered,3.3,1,False,68.36
ALB-2026-0000285,SO-2026-0000404,DC_MAD,MRW,8585955178945,2026-03-09,2026-03-12,2026-03-12,delivered,3.0,1,False,70.84
ALB-2026-0000287,SO-2026-0000407,DC_ZGZ,SEUR,1395055208812,2026-03-09,2026-03-12,2026-03-12,delivered,2.4,1,False,35.9
ALB-2026-0000291,SO-2026-0000413,DC_SEV,MRW,2560556284164,2026-03-10,2026-03-12,2026-03-12,delivered,1.5,1,False,52.1
ALB-2026-0000286,SO-2026-0000405,DC_ZGZ,MRW,2682339397879,2026-03-09,2026-03-13,2026-03-13,delivered,4.5,1,False,81.8
ALB-2026-0000288,SO-2026-0000410,DC_BCN,MRW,6841597831729,2026-03-10,2026-03-13,2026-03-13,delivered,1.5,1,False,59.25
ALB-2026-0000290,SO-2026-0000412,DC_BCN,GLS,1548497285782,2026-03-10,2026-03-13,2026-03-13,delivered,3.6,1,False,68.07
ALB-2026-0000294,SO-2026-0000417,DC_MAD,MRW,7419082454950,2026-03-11,2026-03-13,2026-03-13,delivered,2.4,1,False,23.91
ALB-2026-0000293,SO-2026-0000416,DC_BCN,GLS,9487768498108,2026-03-11,2026-03-14,2026-03-14,delivered,2.1,1,False,76.95
ALB-2026-0000298,SO-2026-0000423,DC_ZGZ,SEUR,4382191713436,2026-03-12,2026-03-14,2026-03-14,delivered,6.9,1,True,195.89
ALB-2026-0000300,SO-2026-0000426,DC_MAD,MRW,2158502499852,2026-03-12,2026-03-14,2026-03-14,delivered,5.4,1,True,113.35
ALB-2026-0000302,SO-2026-0000428,DC_BCN,SEUR,2032409455964,2026-03-12,2026-03-14,2026-03-14,delivered,1.5,1,False,34.78
ALB-2026-0000312,SO-2026-0000440,DC_VLC,MRW,2252532594136,2026-03-13,2026-03-14,2026-03-14,delivered,3.6,1,False,61.03
ALB-2026-0000289,SO-2026-0000411,DC_ZGZ,GLS,7360307224905,2026-03-10,2026-03-15,2026-03-15,delivered,1.5,1,False,30.42
ALB-2026-0000296,SO-2026-0000420,DC_MAD,Correos Express,9329285004453,2026-03-11,2026-03-15,2026-03-15,delivered,8.4,1,True,191.42
ALB-2026-0000301,SO-2026-0000427,DC_BCN,Correos Express,4274831615957,2026-03-12,2026-03-15,2026-03-15,delivered,2.4,1,False,58.3
ALB-2026-0000303,SO-2026-0000429,DC_BCN,SEUR,5344665383234,2026-03-12,2026-03-15,2026-03-15,delivered,0.6,1,False,12.2
ALB-2026-0000305,SO-2026-0000431,DC_VLC,MRW,1985833523407,2026-03-12,2026-03-15,2026-03-15,delivered,2.1,1,False,45.61
ALB-2026-0000306,SO-2026-0000433,DC_ZGZ,Correos Express,1515110025644,2026-03-13,2026-03-15,2026-03-15,delivered,4.8,1,False,70.72
ALB-2026-0000308,SO-2026-0000435,DC_MAD,MRW,0516796715974,2026-03-13,2026-03-15,2026-03-15,delivered,3.0,1,False,63.85
ALB-2026-0000309,SO-2026-0000436,DC_MAD,SEUR,7474299258394,2026-03-13,2026-03-15,2026-03-15,delivered,1.5,1,False,31.9
ALB-2026-0000310,SO-2026-0000437,DC_SEV,GLS,8539399365172,2026-03-13,2026-03-15,2026-03-16,delivered,6.0,1,True,142.84
ALB-2026-0000314,SO-2026-0000444,DC_BCN,SEUR,2702734435233,2026-03-14,2026-03-15,2026-03-15,delivered,0.6,1,False,35.34
ALB-2026-0000317,SO-2026-0000447,DC_ZGZ,SEUR,0830725489459,2026-03-14,2026-03-15,2026-03-15,delivered,1.2,1,False,36.65
ALB-2026-0000295,SO-2026-0000419,DC_ZGZ,MRW,4899294683059,2026-03-11,2026-03-16,2026-03-16,delivered,1.2,1,False,93.94
ALB-2026-0000299,SO-2026-0000425,DC_MAD,SEUR,1415992413943,2026-03-12,2026-03-16,2026-03-16,delivered,1.2,1,False,33.96
ALB-2026-0000311,SO-2026-0000438,DC_ZGZ,MRW,4686162784154,2026-03-13,2026-03-16,2026-03-16,delivered,3.0,1,False,63.38
ALB-2026-0000297,SO-2026-0000421,DC_SEV,MRW,5644389457034,2026-03-11,2026-03-17,2026-03-18,delivered,0.9,1,False,9.05
ALB-2026-0000307,SO-2026-0000434,DC_MAD,Correos Express,8714921712667,2026-03-13,2026-03-17,2026-03-17,delivered,1.2,1,False,28.17
ALB-2026-0000313,SO-2026-0000441,DC_ZGZ,GLS,9077311735404,2026-03-14,2026-03-17,2026-03-17,delivered,1.2,1,False,23.3
ALB-2026-0000319,SO-2026-0000450,DC_BCN,SEUR,4788536636388,2026-03-16,2026-03-17,2026-03-17,delivered,4.8,1,True,104.2
ALB-2026-0000304,SO-2026-0000430,DC_SEV,SEUR,9175236508987,2026-03-12,2026-03-18,2026-03-18,delivered,1.8,1,False,52.75
ALB-2026-0000316,SO-2026-0000446,DC_MAD,MRW,7016013450542,2026-03-14,2026-03-18,2026-03-19,delivered,5.4,1,False,78.89
ALB-2026-0000315,SO-2026-0000445,DC_SEV,MRW,4094924245714,2026-03-14,2026-03-19,2026-03-19,delivered,2.1,1,False,58.52
ALB-2026-0000318,SO-2026-0000449,DC_SEV,MRW,1708290248615,2026-03-16,2026-03-19,2026-03-19,delivered,3.6,1,False,84.64
ALB-2026-0000320,SO-2026-0000452,DC_ZGZ,SEUR,2678202264039,2026-03-17,2026-03-19,2026-03-19,delivered,3.3,1,False,58.93
ALB-2026-0000321,SO-2026-0000453,DC_ZGZ,MRW,1925095262536,2026-03-17,2026-03-19,2026-03-19,delivered,3.0,1,False,39.76
ALB-2026-0000322,SO-2026-0000454,DC_BCN,MRW,8388500826528,2026-03-17,2026-03-20,2026-03-20,delivered,2.7,1,False,57.84
ALB-2026-0000323,SO-2026-0000455,DC_ZGZ,GLS,9673381489544,2026-03-17,2026-03-20,2026-03-20,delivered,3.6,1,True,115.02
ALB-2026-0000324,SO-2026-0000457,DC_MAD,SEUR,3219538880857,2026-03-17,2026-03-20,2026-03-20,delivered,3.0,1,False,73.8
ALB-2026-0000325,SO-2026-0000463,DC_BCN,SEUR,4896277664642,2026-03-18,2026-03-20,2026-03-20,delivered,3.6,1,False,44.6
ALB-2026-0000331,SO-2026-0000470,DC_BCN,SEUR,6216251040952,2026-03-19,2026-03-20,2026-03-20,delivered,3.6,1,False,94.45
ALB-2026-0000326,SO-2026-0000464,DC_ZGZ,SEUR,7007769568654,2026-03-19,2026-03-21,2026-03-21,delivered,7.5,1,True,177.13
ALB-2026-0000334,SO-2026-0000474,DC_BCN,GLS,8623263350605,2026-03-20,2026-03-21,2026-03-21,delivered,6.9,1,True,183.33
ALB-2026-0000337,SO-2026-0000478,DC_BCN,MRW,3434235804253,2026-03-20,2026-03-21,2026-03-21,delivered,4.2,1,False,84.1
ALB-2026-0000327,SO-2026-0000465,DC_ZGZ,SEUR,0716140123631,2026-03-19,2026-03-22,2026-03-22,delivered,1.5,1,False,90.06
ALB-2026-0000328,SO-2026-0000466,DC_MAD,Correos Express,2783120669444,2026-03-19,2026-03-22,2026-03-24,delivered,4.2,1,True,122.82
ALB-2026-0000329,SO-2026-0000467,DC_ZGZ,MRW,1038840149823,2026-03-19,2026-03-22,2026-03-22,delivered,1.5,1,False,54.59
ALB-2026-0000330,SO-2026-0000469,DC_MAD,MRW,3302173456643,2026-03-19,2026-03-22,2026-03-22,delivered,0.9,1,False,27.7
ALB-2026-0000333,SO-2026-0000473,DC_BCN,SEUR,7536296330161,2026-03-20,2026-03-22,2026-03-22,delivered,9.6,1,True,204.63
ALB-2026-0000335,SO-2026-0000476,DC_VLC,GLS,4380171703586,2026-03-20,2026-03-22,2026-03-22,delivered,7.5,1,True,184.24
ALB-2026-0000336,SO-2026-0000477,DC_ZGZ,GLS,5042559864613,2026-03-20,2026-03-22,2026-03-22,delivered,3.3,1,False,75.33
ALB-2026-0000341,SO-2026-0000483,DC_BCN,MRW,7412291511579,2026-03-21,2026-03-23,2026-03-23,delivered,1.2,1,False,46.57
ALB-2026-0000342,SO-2026-0000484,DC_BCN,SEUR,1455525793867,2026-03-21,2026-03-23,2026-03-23,delivered,1.2,1,False,32.19
ALB-2026-0000332,SO-2026-0000472,DC_ZGZ,SEUR,7923030932938,2026-03-20,2026-03-24,2026-03-24,delivered,2.7,1,False,39.58
ALB-2026-0000338,SO-2026-0000479,DC_ZGZ,GLS,6123499890599,2026-03-20,2026-03-24,2026-03-24,delivered,4.2,1,False,83.49
ALB-2026-0000339,SO-2026-0000480,DC_BCN,Correos Express,4528657394780,2026-03-21,2026-03-24,2026-03-24,delivered,6.0,1,True,126.27
ALB-2026-0000344,SO-2026-0000486,DC_ZGZ,MRW,8687918117949,2026-03-21,2026-03-24,2026-03-24,delivered,1.2,1,False,24.89
ALB-2026-0000345,SO-2026-0000487,DC_ZGZ,GLS,1254441231150,2026-03-21,2026-03-24,2026-03-24,delivered,4.5,1,True,118.76
ALB-2026-0000346,SO-2026-0000488,DC_SEV,MRW,8499471627103,2026-03-21,2026-03-24,2026-03-24,delivered,1.2,1,False,15.09
ALB-2026-0000350,SO-2026-0000493,DC_BCN,MRW,5782228758474,2026-03-23,2026-03-24,2026-03-24,delivered,1.2,1,True,133.81
ALB-2026-0000340,SO-2026-0000481,DC_SEV,Correos Express,8324404193696,2026-03-21,2026-03-25,2026-03-25,delivered,1.2,1,False,44.45
ALB-2026-0000347,SO-2026-0000490,DC_BCN,MRW,4825168091737,2026-03-22,2026-03-25,2026-03-25,delivered,2.7,1,False,68.17
ALB-2026-0000349,SO-2026-0000492,DC_BCN,GLS,6727852013959,2026-03-23,2026-03-25,2026-03-25,delivered,1.5,1,False,53.82
ALB-2026-0000351,SO-2026-0000495,DC_BCN,SEUR,0480005528769,2026-03-24,2026-03-25,2026-03-25,delivered,1.5,1,False,41.87
ALB-2026-0000348,SO-2026-0000491,DC_BCN,SEUR,5828658625159,2026-03-23,2026-03-26,2026-03-26,delivered,3.9,1,True,189.84
ALB-2026-0000352,SO-2026-0000496,DC_MAD,SEUR,7313606221511,2026-03-24,2026-03-26,2026-03-26,delivered,2.4,1,False,33.23
ALB-2026-0000343,SO-2026-0000485,DC_SEV,MRW,5989441931784,2026-03-21,2026-03-27,2026-03-27,delivered,1.5,1,False,79.91
ALB-2026-0000354,SO-2026-0000500,DC_BCN,GLS,3006619771477,2026-03-25,2026-03-27,2026-03-27,delivered,1.2,1,False,15.95
ALB-2026-0000355,SO-2026-0000502,DC_ZGZ,SEUR,7285287473028,2026-03-25,2026-03-27,2026-03-27,delivered,2.4,1,False,57.85
ALB-2026-0000356,SO-2026-0000503,DC_BCN,GLS,7993453192607,2026-03-25,2026-03-28,2026-03-28,delivered,1.8,1,False,39.14
ALB-2026-0000359,SO-2026-0000509,DC_BCN,MRW,3437820835184,2026-03-26,2026-03-28,2026-03-28,delivered,0.6,1,False,53.78
ALB-2026-0000353,SO-2026-0000499,DC_MAD,SEUR,0774599115301,2026-03-25,2026-03-29,2026-03-29,delivered,1.8,1,False,96.4
ALB-2026-0000357,SO-2026-0000504,DC_VLC,MRW,0567506611710,2026-03-25,2026-03-29,2026-03-29,delivered,4.5,1,False,93.62
ALB-2026-0000360,SO-2026-0000510,DC_SEV,GLS,4393008653479,2026-03-27,2026-03-29,2026-03-29,delivered,1.2,1,False,48.43
ALB-2026-0000364,SO-2026-0000515,DC_BCN,MRW,7832222851596,2026-03-28,2026-03-29,2026-03-29,delivered,2.7,1,False,66.42
ALB-2026-0000358,SO-2026-0000508,DC_MAD,GLS,7609139103080,2026-03-26,2026-03-30,2026-03-30,delivered,1.8,1,False,28.9
ALB-2026-0000362,SO-2026-0000512,DC_BCN,MRW,2199764640486,2026-03-28,2026-03-30,2026-03-30,delivered,4.2,1,True,220.78
ALB-2026-0000363,SO-2026-0000514,DC_MAD,MRW,0551567163875,2026-03-28,2026-03-30,2026-03-30,delivered,1.8,1,False,16.15
ALB-2026-0000361,SO-2026-0000511,DC_MAD,MRW,3752143308423,2026-03-27,2026-03-31,2026-03-31,delivered,3.6,1,False,76.29
ALB-2026-0000365,SO-2026-0000517,DC_ZGZ,SEUR,6135052100695,2026-03-29,2026-04-02,2026-04-02,delivered,0.3,1,False,21.0
ALB-2026-0000366,SO-2026-0000519,DC_SEV,SEUR,4832508033220,2026-03-29,2026-04-02,2026-04-02,delivered,3.3,1,False,61.08
ALB-2026-0000367,SO-2026-0000521,DC_SEV,GLS,8253988631555,2026-03-30,2026-04-03,2026-04-03,delivered,1.8,1,False,74.56
ALB-2026-0000369,SO-2026-0000524,DC_SEV,SEUR,8993382990366,2026-03-31,2026-04-03,2026-04-03,delivered,2.1,1,True,115.45
ALB-2026-0000371,SO-2026-0000528,DC_MAD,Correos Express,3129500532955,2026-04-01,2026-04-03,2026-04-03,delivered,5.7,1,True,199.01
ALB-2026-0000372,SO-2026-0000529,DC_ZGZ,GLS,7557644411114,2026-04-01,2026-04-03,2026-04-03,delivered,0.9,1,False,24.37
ALB-2026-0000368,SO-2026-0000523,DC_SEV,Correos Express,2438986707556,2026-03-31,2026-04-04,2026-04-04,delivered,1.5,1,False,43.38
ALB-2026-0000370,SO-2026-0000526,DC_VLC,MRW,3435117778643,2026-03-31,2026-04-04,2026-04-04,delivered,1.8,1,False,85.65
ALB-2026-0000373,SO-2026-0000530,DC_ZGZ,MRW,5593837834705,2026-04-02,2026-04-04,2026-04-04,delivered,0.3,1,False,31.25
ALB-2026-0000375,SO-2026-0000534,DC_SEV,MRW,2277109909600,2026-04-02,2026-04-04,2026-04-04,delivered,6.6,1,True,102.66
ALB-2026-0000376,SO-2026-0000535,DC_VLC,GLS,7019694920248,2026-04-02,2026-04-05,2026-04-05,delivered,4.8,1,False,83.33
ALB-2026-0000377,SO-2026-0000537,DC_MAD,MRW,5900846487886,2026-04-03,2026-04-05,2026-04-05,delivered,1.8,1,False,29.48
ALB-2026-0000381,SO-2026-0000543,DC_BCN,GLS,0400251590618,2026-04-04,2026-04-05,2026-04-05,delivered,1.8,1,False,53.95
ALB-2026-0000374,SO-2026-0000532,DC_MAD,SEUR,2085978855235,2026-04-02,2026-04-06,2026-04-06,delivered,7.2,1,True,140.44
ALB-2026-0000379,SO-2026-0000541,DC_ZGZ,SEUR,2936514237820,2026-04-04,2026-04-06,2026-04-06,delivered,2.7,1,False,40.71
ALB-2026-0000380,SO-2026-0000542,DC_SEV,GLS,7036633221320,2026-04-04,2026-04-06,2026-04-06,delivered,7.8,1,True,129.77
ALB-2026-0000383,SO-2026-0000547,DC_BCN,Correos Express,4696625795810,2026-04-05,2026-04-06,2026-04-06,delivered,0.9,1,False,32.17
ALB-2026-0000378,SO-2026-0000538,DC_SEV,Correos Express,4356717706996,2026-04-03,2026-04-08,2026-04-08,delivered,2.7,1,False,31.16
ALB-2026-0000382,SO-2026-0000546,DC_SEV,MRW,2926866614951,2026-04-05,2026-04-08,2026-04-08,delivered,1.8,1,False,38.27
ALB-2026-0000385,SO-2026-0000549,DC_SEV,MRW,0857047018499,2026-04-06,2026-04-09,2026-04-09,delivered,3.3,1,False,42.0
ALB-2026-0000386,SO-2026-0000551,DC_MAD,Correos Express,5209290165883,2026-04-06,2026-04-09,2026-04-09,delivered,2.1,1,False,47.95
ALB-2026-0000392,SO-2026-0000560,DC_BCN,MRW,8123247688474,2026-04-08,2026-04-09,2026-04-09,delivered,2.7,1,False,60.32
ALB-2026-0000384,SO-2026-0000548,DC_ZGZ,GLS,5189670964211,2026-04-06,2026-04-10,2026-04-10,delivered,3.3,1,False,35.1
ALB-2026-0000388,SO-2026-0000555,DC_BCN,MRW,5675511865973,2026-04-07,2026-04-10,2026-04-10,delivered,1.8,1,False,23.5
ALB-2026-0000389,SO-2026-0000557,DC_BCN,SEUR,8222168722690,2026-04-08,2026-04-10,2026-04-10,delivered,1.5,1,False,33.45
ALB-2026-0000387,SO-2026-0000554,DC_SEV,Correos Express,5491539382427,2026-04-07,2026-04-11,2026-04-11,delivered,7.2,1,True,158.37
ALB-2026-0000391,SO-2026-0000559,DC_ZGZ,MRW,4524086922563,2026-04-08,2026-04-11,2026-04-11,delivered,3.3,1,False,65.58
ALB-2026-0000394,SO-2026-0000563,DC_ZGZ,MRW,6688215420427,2026-04-09,2026-04-11,2026-04-11,delivered,0.9,1,False,40.65
ALB-2026-0000395,SO-2026-0000564,DC_BCN,SEUR,6356555317174,2026-04-09,2026-04-11,2026-04-11,delivered,3.6,1,False,69.09
ALB-2026-0000397,SO-2026-0000566,DC_MAD,GLS,0545192563782,2026-04-09,2026-04-11,2026-04-11,delivered,2.1,1,False,52.08
ALB-2026-0000390,SO-2026-0000558,DC_MAD,MRW,5537698149763,2026-04-08,2026-04-12,2026-04-13,delivered,1.8,1,False,28.83
ALB-2026-0000393,SO-2026-0000561,DC_MAD,Correos Express,8468985772140,2026-04-08,2026-04-12,2026-04-12,delivered,3.9,1,False,87.55
ALB-2026-0000400,SO-2026-0000570,DC_ZGZ,GLS,9352388843085,2026-04-10,2026-04-12,2026-04-12,delivered,3.3,1,False,69.71
ALB-2026-0000402,SO-2026-0000573,DC_BCN,MRW,4488353050164,2026-04-11,2026-04-12,2026-04-12,delivered,3.9,1,False,96.4
ALB-2026-0000396,SO-2026-0000565,DC_ZGZ,SEUR,5821035897560,2026-04-09,2026-04-13,2026-04-13,delivered,1.8,1,False,41.04
ALB-2026-0000398,SO-2026-0000567,DC_MAD,SEUR,0058323185500,2026-04-09,2026-04-13,2026-04-13,delivered,13.5,1,True,371.22
ALB-2026-0000399,SO-2026-0000569,DC_MAD,SEUR,7648002725687,2026-04-09,2026-04-13,2026-04-13,delivered,0.9,1,False,24.59
ALB-2026-0000401,SO-2026-0000572,DC_BCN,Correos Express,3115145728031,2026-04-11,2026-04-13,2026-04-13,delivered,0.6,1,False,21.97
ALB-2026-0000405,SO-2026-0000576,DC_BCN,SEUR,4680398485471,2026-04-11,2026-04-13,2026-04-13,delivered,1.5,1,False,54.45
ALB-2026-0000410,SO-2026-0000582,DC_BCN,SEUR,7349264532259,2026-04-11,2026-04-13,2026-04-13,delivered,2.1,1,False,59.01
ALB-2026-0000404,SO-2026-0000575,DC_MAD,GLS,7594662673214,2026-04-11,2026-04-14,2026-04-14,delivered,6.9,1,True,188.76
ALB-2026-0000406,SO-2026-0000577,DC_VLC,MRW,8162010248237,2026-04-11,2026-04-14,2026-04-14,delivered,0.9,1,False,58.78
ALB-2026-0000407,SO-2026-0000578,DC_ZGZ,MRW,2526899520862,2026-04-11,2026-04-14,2026-04-14,delivered,3.9,1,False,49.93
ALB-2026-0000408,SO-2026-0000579,DC_BCN,MRW,3850826330426,2026-04-11,2026-04-14,2026-04-14,delivered,1.2,1,False,58.69
ALB-2026-0000409,SO-2026-0000581,DC_ZGZ,SEUR,9311884143992,2026-04-11,2026-04-15,2026-04-15,delivered,1.8,1,False,84.0
ALB-2026-0000412,SO-2026-0000585,DC_BCN,SEUR,3069898984763,2026-04-12,2026-04-15,2026-04-15,delivered,1.2,1,False,27.02
ALB-2026-0000415,SO-2026-0000588,DC_ZGZ,Correos Express,6161687820368,2026-04-13,2026-04-15,2026-04-15,delivered,1.5,1,False,48.33
ALB-2026-0000413,SO-2026-0000586,DC_ZGZ,SEUR,2699789330171,2026-04-13,2026-04-16,2026-04-19,delivered,2.1,1,False,66.82
ALB-2026-0000403,SO-2026-0000574,DC_SEV,Correos Express,8663261461793,2026-04-11,2026-04-17,2026-04-17,delivered,1.5,1,False,43.26
ALB-2026-0000411,SO-2026-0000584,DC_ZGZ,SEUR,0293774912762,2026-04-12,2026-04-17,2026-04-17,delivered,0.6,1,False,19.95
ALB-2026-0000414,SO-2026-0000587,DC_SEV,MRW,5836348481647,2026-04-13,2026-04-17,2026-04-17,delivered,3.0,1,False,64.77
ALB-2026-0000416,SO-2026-0000589,DC_MAD,GLS,6215886278128,2026-04-14,2026-04-17,2026-04-17,delivered,0.9,1,False,23.3
ALB-2026-0000417,SO-2026-0000590,DC_MAD,Correos Express,3747417151863,2026-04-14,2026-04-17,2026-04-17,delivered,4.5,1,False,73.42
ALB-2026-0000418,SO-2026-0000592,DC_BCN,GLS,3510723117661,2026-04-15,2026-04-17,2026-04-17,delivered,0.6,1,False,38.95
ALB-2026-0000419,SO-2026-0000594,DC_BCN,GLS,5155310377213,2026-04-15,2026-04-17,2026-04-17,delivered,4.2,1,False,73.43
ALB-2026-0000420,SO-2026-0000596,DC_MAD,SEUR,1920892600907,2026-04-15,2026-04-17,2026-04-17,delivered,0.3,1,False,12.0
ALB-2026-0000421,SO-2026-0000597,DC_BCN,MRW,6246630900504,2026-04-15,2026-04-18,2026-04-18,delivered,1.5,1,False,28.4
ALB-2026-0000422,SO-2026-0000598,DC_MAD,MRW,7173617959194,2026-04-15,2026-04-18,2026-04-18,delivered,0.9,1,False,18.3
ALB-2026-0000425,SO-2026-0000604,DC_BCN,SEUR,9197498685965,2026-04-16,2026-04-18,2026-04-18,delivered,1.5,1,False,18.19
ALB-2026-0000429,SO-2026-0000612,DC_BCN,SEUR,8215225090035,2026-04-17,2026-04-18,2026-04-18,delivered,5.7,1,True,153.52
ALB-2026-0000424,SO-2026-0000602,DC_ZGZ,SEUR,0257130855376,2026-04-16,2026-04-19,2026-04-19,delivered,2.7,1,False,74.51
ALB-2026-0000426,SO-2026-0000606,DC_BCN,GLS,6503483991300,2026-04-16,2026-04-19,2026-04-19,delivered,3.3,1,False,64.5
ALB-2026-0000431,SO-2026-0000615,DC_BCN,MRW,4410555503876,2026-04-18,2026-04-19,2026-04-19,delivered,3.3,1,False,45.03
ALB-2026-0000423,SO-2026-0000600,DC_ZGZ,MRW,1054946472931,2026-04-16,2026-04-20,2026-04-20,delivered,1.8,1,False,28.66
ALB-2026-0000430,SO-2026-0000613,DC_MAD,GLS,8020927032188,2026-04-17,2026-04-20,2026-04-20,delivered,2.4,1,False,32.2
ALB-2026-0000428,SO-2026-0000610,DC_SEV,GLS,1869874674774,2026-04-17,2026-04-21,2026-04-21,delivered,9.9,1,True,154.45
ALB-2026-0000433,SO-2026-0000617,DC_ZGZ,SEUR,7940873601274,2026-04-18,2026-04-21,2026-04-21,delivered,4.5,1,False,67.43
ALB-2026-0000434,SO-2026-0000619,DC_ZGZ,SEUR,0415325675617,2026-04-18,2026-04-21,2026-04-21,delivered,1.8,1,False,75.99
ALB-2026-0000436,SO-2026-0000622,DC_BCN,MRW,4983674611309,2026-04-19,2026-04-21,2026-04-21,delivered,3.9,1,False,99.65
ALB-2026-0000427,SO-2026-0000609,DC_ZGZ,SEUR,6504011903525,2026-04-17,2026-04-22,2026-04-22,delivered,1.2,1,False,43.9
ALB-2026-0000432,SO-2026-0000616,DC_SEV,GLS,3579941215981,2026-04-18,2026-04-22,2026-04-22,delivered,2.7,1,False,64.85
ALB-2026-0000435,SO-2026-0000621,DC_ZGZ,MRW,7056439779740,2026-04-19,2026-04-22,2026-04-22,delivered,2.4,1,False,67.01
ALB-2026-0000439,SO-2026-0000625,DC_SEV,MRW,8582171586935,2026-04-20,2026-04-22,2026-04-22,delivered,2.7,1,False,63.78
ALB-2026-0000441,SO-2026-0000628,DC_BCN,SEUR,9757275294061,2026-04-20,2026-04-22,2026-04-22,delivered,2.4,1,False,92.9
ALB-2026-0000437,SO-2026-0000623,DC_ZGZ,GLS,5890590226320,2026-04-19,2026-04-23,2026-04-26,delivered,2.1,1,False,69.75
ALB-2026-0000442,SO-2026-0000630,DC_BCN,GLS,0762463641255,2026-04-21,2026-04-23,2026-04-23,delivered,2.4,1,False,71.38
ALB-2026-0000443,SO-2026-0000631,DC_ZGZ,GLS,3120950728460,2026-04-21,2026-04-23,2026-04-23,delivered,1.5,1,False,38.47
ALB-2026-0000444,SO-2026-0000632,DC_MAD,SEUR,9690632266796,2026-04-21,2026-04-23,2026-04-23,delivered,4.8,1,False,95.83
ALB-2026-0000438,SO-2026-0000624,DC_MAD,Correos Express,0443863821586,2026-04-20,2026-04-24,2026-04-24,delivered,2.4,1,False,46.16
ALB-2026-0000440,SO-2026-0000626,DC_MAD,MRW,2493488925130,2026-04-20,2026-04-24,2026-04-24,delivered,2.1,1,False,86.92
ALB-2026-0000451,SO-2026-0000644,DC_BCN,SEUR,0107297327355,2026-04-23,2026-04-24,2026-04-24,delivered,1.5,1,False,26.2
ALB-2026-0000445,SO-2026-0000634,DC_BCN,GLS,5864429969229,2026-04-22,2026-04-25,2026-04-25,delivered,1.5,1,False,34.23
ALB-2026-0000446,SO-2026-0000636,DC_SEV,SEUR,1848229321741,2026-04-22,2026-04-25,2026-04-25,delivered,4.5,1,False,60.79
ALB-2026-0000448,SO-2026-0000641,DC_ZGZ,GLS,7304599489896,2026-04-23,2026-04-26,2026-04-26,delivered,3.3,1,False,50.11
ALB-2026-0000449,SO-2026-0000642,DC_SEV,GLS,4371320816781,2026-04-23,2026-04-26,2026-04-26,delivered,3.0,1,False,35.73
ALB-2026-0000450,SO-2026-0000643,DC_SEV,MRW,6390929565426,2026-04-23,2026-04-26,2026-04-26,delivered,4.8,1,True,129.21
ALB-2026-0000452,SO-2026-0000645,DC_SEV,SEUR,7924220149010,2026-04-24,2026-04-26,2026-04-26,delivered,4.5,1,False,95.35
ALB-2026-0000455,SO-2026-0000650,DC_BCN,SEUR,6854535129189,2026-04-25,2026-04-26,2026-04-26,delivered,2.4,1,False,55.45
ALB-2026-0000447,SO-2026-0000639,DC_ZGZ,SEUR,5260023083028,2026-04-23,2026-04-27,2026-04-27,delivered,8.1,1,True,228.18
ALB-2026-0000454,SO-2026-0000648,DC_ZGZ,MRW,4560288711230,2026-04-25,2026-04-27,2026-04-27,delivered,3.9,1,False,72.65
ALB-2026-0000453,SO-2026-0000646,DC_MAD,SEUR,4631652175984,2026-04-24,2026-04-28,2026-04-28,delivered,3.0,1,False,51.59
ALB-2026-0000456,SO-2026-0000651,DC_VLC,GLS,7936460525778,2026-04-25,2026-04-28,2026-04-28,delivered,3.3,1,False,92.96
ALB-2026-0000457,SO-2026-0000652,DC_BCN,GLS,0992873630981,2026-04-26,2026-04-29,2026-04-29,delivered,1.8,1,False,41.1
ALB-2026-0000458,SO-2026-0000654,DC_MAD,MRW,3722163746843,2026-04-27,2026-04-29,2026-04-29,delivered,3.3,1,False,48.62
ALB-2026-0000462,SO-2026-0000658,DC_BCN,MRW,9165698009204,2026-04-28,2026-04-29,2026-04-29,delivered,1.2,1,False,22.09
ALB-2026-0000461,SO-2026-0000657,DC_MAD,SEUR,8100177492341,2026-04-28,2026-04-30,2026-04-30,delivered,1.5,1,False,52.74
ALB-2026-0000459,SO-2026-0000655,DC_ZGZ,SEUR,6491276451591,2026-04-28,2026-05-01,2026-05-01,delivered,1.5,1,False,22.51
ALB-2026-0000469,SO-2026-0000668,DC_ZGZ,GLS,0757197149412,2026-04-30,2026-05-01,2026-05-01,delivered,2.4,1,False,52.87
ALB-2026-0000473,SO-2026-0000673,DC_ZGZ,SEUR,2041197974395,2026-04-30,2026-05-01,2026-05-01,delivered,0.6,1,False,29.66
ALB-2026-0000460,SO-2026-0000656,DC_ZGZ,GLS,8727616066047,2026-04-28,2026-05-02,2026-05-02,delivered,1.8,1,False,51.97
ALB-2026-0000463,SO-2026-0000660,DC_BCN,MRW,3727264800119,2026-04-29,2026-05-02,2026-05-02,delivered,2.7,1,False,36.97
ALB-2026-0000464,SO-2026-0000661,DC_BCN,SEUR,4152444937523,2026-04-29,2026-05-02,2026-05-02,delivered,8.1,1,True,211.11
ALB-2026-0000466,SO-2026-0000664,DC_MAD,SEUR,8148237319191,2026-04-29,2026-05-02,2026-05-02,delivered,3.3,1,False,70.03
ALB-2026-0000471,SO-2026-0000671,DC_BCN,SEUR,7327356442804,2026-04-30,2026-05-02,2026-05-02,delivered,1.2,1,False,95.69
ALB-2026-0000482,SO-2026-0000684,DC_ZGZ,MRW,6881185694318,2026-05-01,2026-05-02,2026-05-02,delivered,1.8,1,False,32.25
ALB-2026-0000465,SO-2026-0000662,DC_MAD,MRW,5096013211927,2026-04-29,2026-05-03,2026-05-03,delivered,2.7,1,True,100.23
ALB-2026-0000468,SO-2026-0000667,DC_ZGZ,MRW,6293585982961,2026-04-30,2026-05-03,2026-05-03,delivered,2.4,1,False,24.31
ALB-2026-0000480,SO-2026-0000682,DC_SEV,Correos Express,7100746029747,2026-05-01,2026-05-03,2026-05-03,delivered,3.3,1,False,79.07
ALB-2026-0000481,SO-2026-0000683,DC_ZGZ,GLS,3346920863873,2026-05-01,2026-05-03,2026-05-03,delivered,2.1,1,False,76.37
ALB-2026-0000483,SO-2026-0000685,DC_MAD,MRW,1167939961239,2026-05-01,2026-05-03,2026-05-03,delivered,2.4,1,False,41.86
ALB-2026-0000484,SO-2026-0000686,DC_BCN,SEUR,1121792349703,2026-05-02,2026-05-03,2026-05-03,delivered,1.8,1,False,30.8
ALB-2026-0000467,SO-2026-0000666,DC_ZGZ,SEUR,2874718203475,2026-04-30,2026-05-04,2026-05-04,delivered,6.0,1,False,89.53
ALB-2026-0000470,SO-2026-0000670,DC_SEV,SEUR,1883287313377,2026-04-30,2026-05-04,2026-05-04,delivered,1.8,1,False,85.61
ALB-2026-0000472,SO-2026-0000672,DC_ZGZ,MRW,8758171398940,2026-04-30,2026-05-04,2026-05-04,delivered,2.1,1,False,45.43
ALB-2026-0000475,SO-2026-0000676,DC_BCN,Correos Express,6820123180083,2026-05-01,2026-05-04,2026-05-04,delivered,1.2,1,False,23.79
ALB-2026-0000476,SO-2026-0000678,DC_BCN,MRW,6786965395604,2026-05-01,2026-05-04,2026-05-04,delivered,1.8,1,False,38.4
ALB-2026-0000477,SO-2026-0000679,DC_BCN,MRW,4824283060957,2026-05-01,2026-05-04,2026-05-04,delivered,1.8,1,False,65.52
ALB-2026-0000478,SO-2026-0000680,DC_BCN,SEUR,4859465659420,2026-05-01,2026-05-04,2026-05-04,delivered,1.5,1,True,104.11
ALB-2026-0000479,SO-2026-0000681,DC_ZGZ,SEUR,8976668203466,2026-05-01,2026-05-04,2026-05-04,delivered,4.2,1,False,95.95
ALB-2026-0000485,SO-2026-0000688,DC_MAD,MRW,9406402029673,2026-05-02,2026-05-04,2026-05-04,delivered,1.5,1,False,34.49
ALB-2026-0000486,SO-2026-0000692,DC_ZGZ,GLS,5734109963383,2026-05-02,2026-05-04,2026-05-04,delivered,3.9,1,False,53.65
ALB-2026-0000474,SO-2026-0000675,DC_MAD,SEUR,3777220186487,2026-05-01,2026-05-05,2026-05-05,delivered,1.8,1,False,29.08
ALB-2026-0000487,SO-2026-0000693,DC_ZGZ,Correos Express,7018692615673,2026-05-04,2026-05-07,2026-05-08,delivered,5.7,1,True,161.26
ALB-2026-0000488,SO-2026-0000694,DC_MAD,GLS,1066649487290,2026-05-04,2026-05-07,2026-05-07,delivered,2.7,1,False,67.8
ALB-2026-0000489,SO-2026-0000695,DC_BCN,Correos Express,1860158850360,2026-05-04,2026-05-07,2026-05-07,delivered,0.6,1,False,28.41
ALB-2026-0000490,SO-2026-0000697,DC_BCN,SEUR,5935336264941,2026-05-04,2026-05-07,2026-05-07,delivered,4.5,1,False,69.28
ALB-2026-0000494,SO-2026-0000702,DC_MAD,Correos Express,5073932349072,2026-05-05,2026-05-07,2026-05-07,delivered,2.7,1,False,46.28
ALB-2026-0000491,SO-2026-0000698,DC_ZGZ,GLS,4014266526588,2026-05-05,2026-05-08,2026-05-08,delivered,1.8,1,False,38.11
ALB-2026-0000492,SO-2026-0000699,DC_BCN,SEUR,0929606318309,2026-05-05,2026-05-08,2026-05-08,delivered,2.1,1,False,50.8
ALB-2026-0000497,SO-2026-0000706,DC_BCN,MRW,9539630633169,2026-05-05,2026-05-08,2026-05-08,delivered,3.9,1,False,70.91
ALB-2026-0000501,SO-2026-0000711,DC_VLC,MRW,2575000123488,2026-05-06,2026-05-08,2026-05-08,delivered,1.8,1,False,34.45
ALB-2026-0000504,SO-2026-0000715,DC_BCN,SEUR,6971865895282,2026-05-07,2026-05-08,2026-05-08,delivered,0.6,1,False,15.76
ALB-2026-0000493,SO-2026-0000701,DC_MAD,Correos Express,2714324609259,2026-05-05,2026-05-09,2026-05-09,delivered,7.5,1,True,184.28
ALB-2026-0000495,SO-2026-0000703,DC_MAD,GLS,0144294061321,2026-05-05,2026-05-09,2026-05-09,delivered,1.2,1,False,12.59
ALB-2026-0000496,SO-2026-0000705,DC_MAD,MRW,0336409676400,2026-05-05,2026-05-09,2026-05-09,delivered,1.8,1,False,15.8
ALB-2026-0000506,SO-2026-0000717,DC_BCN,MRW,3150149417507,2026-05-07,2026-05-09,2026-05-09,delivered,1.5,1,False,56.6
ALB-2026-0000508,SO-2026-0000719,DC_MAD,GLS,9691387021363,2026-05-07,2026-05-09,2026-05-09,delivered,9.0,1,True,207.69
ALB-2026-0000498,SO-2026-0000707,DC_ZGZ,SEUR,9195641993316,2026-05-06,2026-05-10,2026-05-10,delivered,0.3,1,False,34.11
ALB-2026-0000499,SO-2026-0000708,DC_ZGZ,GLS,3895887761293,2026-05-06,2026-05-10,2026-05-10,delivered,3.9,1,True,147.13
ALB-2026-0000500,SO-2026-0000709,DC_ZGZ,SEUR,8862873751455,2026-05-06,2026-05-10,2026-05-10,delivered,1.8,1,False,73.69
ALB-2026-0000502,SO-2026-0000712,DC_ZGZ,GLS,2115771113574,2026-05-06,2026-05-10,2026-05-10,delivered,3.6,1,False,88.47
ALB-2026-0000505,SO-2026-0000716,DC_ZGZ,SEUR,3829653120027,2026-05-07,2026-05-10,2026-05-10,delivered,1.8,1,False,66.15
ALB-2026-0000507,SO-2026-0000718,DC_BCN,MRW,9925784192481,2026-05-07,2026-05-10,2026-05-10,delivered,0.3,1,False,13.6
ALB-2026-0000509,SO-2026-0000720,DC_SEV,MRW,0246568885039,2026-05-07,2026-05-10,2026-05-10,delivered,2.1,1,False,78.02
ALB-2026-0000511,SO-2026-0000723,DC_ZGZ,MRW,6412455348651,2026-05-08,2026-05-10,2026-05-10,delivered,1.5,1,False,68.34
ALB-2026-0000515,SO-2026-0000728,DC_MAD,GLS,6870876397883,2026-05-08,2026-05-10,2026-05-10,delivered,2.1,1,False,30.76
ALB-2026-0000519,SO-2026-0000733,DC_BCN,MRW,0162738677514,2026-05-09,2026-05-10,2026-05-11,delivered,3.0,1,False,58.39
ALB-2026-0000503,SO-2026-0000713,DC_SEV,MRW,0230379429338,2026-05-06,2026-05-11,2026-05-11,delivered,1.5,1,False,44.14
ALB-2026-0000510,SO-2026-0000722,DC_MAD,MRW,1626538911260,2026-05-07,2026-05-11,2026-05-11,delivered,4.5,1,False,65.14
ALB-2026-0000512,SO-2026-0000724,DC_ZGZ,MRW,1421766108234,2026-05-08,2026-05-11,2026-05-11,delivered,1.2,1,False,34.86
ALB-2026-0000513,SO-2026-0000725,DC_SEV,SEUR,0218911331753,2026-05-08,2026-05-11,2026-05-11,delivered,5.7,1,False,84.76
ALB-2026-0000514,SO-2026-0000726,DC_ZGZ,SEUR,2679799931920,2026-05-08,2026-05-11,2026-05-11,delivered,3.0,1,True,117.72
ALB-2026-0000516,SO-2026-0000729,DC_MAD,GLS,0728227250957,2026-05-09,2026-05-11,2026-05-11,delivered,0.9,1,False,54.25
ALB-2026-0000517,SO-2026-0000730,DC_ZGZ,GLS,2390167684546,2026-05-09,2026-05-13,2026-05-13,delivered,2.4,1,False,48.8
ALB-2026-0000518,SO-2026-0000731,DC_SEV,MRW,3731356403675,2026-05-09,2026-05-13,2026-05-13,delivered,1.8,1,False,57.68
ALB-2026-0000521,SO-2026-0000737,DC_BCN,GLS,7032750864665,2026-05-11,2026-05-13,2026-05-13,delivered,4.2,1,True,170.74
ALB-2026-0000522,SO-2026-0000738,DC_SEV,Correos Express,3777364991137,2026-05-11,2026-05-14,2026-05-18,delivered,2.4,1,False,33.45
ALB-2026-0000523,SO-2026-0000741,DC_BCN,SEUR,4224212254600,2026-05-12,2026-05-14,2026-05-14,delivered,3.9,1,False,73.47
ALB-2026-0000527,SO-2026-0000747,DC_BCN,SEUR,6635378913905,2026-05-13,2026-05-14,2026-05-14,delivered,1.8,1,False,23.21
ALB-2026-0000520,SO-2026-0000735,DC_ZGZ,GLS,3113119865223,2026-05-11,2026-05-15,2026-05-15,delivered,2.1,1,False,25.2
ALB-2026-0000524,SO-2026-0000742,DC_BCN,MRW,5777986611520,2026-05-12,2026-05-15,2026-05-15,delivered,2.7,1,False,89.24
ALB-2026-0000525,SO-2026-0000743,DC_BCN,SEUR,5043962299691,2026-05-12,2026-05-15,2026-05-15,delivered,1.2,1,False,25.25
ALB-2026-0000526,SO-2026-0000744,DC_SEV,MRW,2702984272901,2026-05-12,2026-05-15,2026-05-15,delivered,0.9,1,False,21.8
ALB-2026-0000528,SO-2026-0000748,DC_BCN,MRW,7378747044090,2026-05-13,2026-05-15,2026-05-15,delivered,3.0,1,False,45.08
ALB-2026-0000531,SO-2026-0000753,DC_BCN,SEUR,3126586461042,2026-05-14,2026-05-15,2026-05-15,delivered,0.9,1,False,19.87
ALB-2026-0000529,SO-2026-0000751,DC_ZGZ,GLS,0682029498828,2026-05-14,2026-05-16,2026-05-16,delivered,6.3,1,True,116.55
ALB-2026-0000530,SO-2026-0000752,DC_BCN,SEUR,3695119164036,2026-05-14,2026-05-17,2026-05-17,delivered,1.2,1,False,33.67
ALB-2026-0000535,SO-2026-0000759,DC_ZGZ,SEUR,2210622499575,2026-05-15,2026-05-17,2026-05-17,delivered,3.3,1,False,62.26
ALB-2026-0000532,SO-2026-0000754,DC_MAD,MRW,8798435202004,2026-05-14,2026-05-18,2026-05-18,delivered,4.5,1,False,91.9
ALB-2026-0000534,SO-2026-0000758,DC_ZGZ,SEUR,2534190398773,2026-05-15,2026-05-18,2026-05-18,delivered,4.5,1,True,112.27
ALB-2026-0000537,SO-2026-0000762,DC_SEV,SEUR,7760404395711,2026-05-15,2026-05-18,2026-05-18,delivered,5.7,1,True,118.19
ALB-2026-0000538,SO-2026-0000763,DC_SEV,SEUR,9678511446253,2026-05-15,2026-05-18,2026-05-20,delivered,0.6,1,False,16.63
ALB-2026-0000539,SO-2026-0000765,DC_BCN,SEUR,8033888781700,2026-05-16,2026-05-18,2026-05-18,delivered,2.7,1,False,58.26
ALB-2026-0000533,SO-2026-0000757,DC_ZGZ,MRW,4654077627668,2026-05-15,2026-05-19,2026-05-19,delivered,1.2,1,False,16.4
ALB-2026-0000540,SO-2026-0000767,DC_BCN,SEUR,1456445986179,2026-05-16,2026-05-19,2026-05-19,delivered,2.4,1,False,39.93
ALB-2026-0000536,SO-2026-0000760,DC_ZGZ,Correos Express,9096312264930,2026-05-15,2026-05-20,2026-05-20,delivered,1.8,1,False,73.06
ALB-2026-0000541,SO-2026-0000769,DC_SEV,Correos Express,9313627929556,2026-05-18,2026-05-21,2026-05-23,delivered,1.2,1,False,39.25
ALB-2026-0000542,SO-2026-0000770,DC_SEV,GLS,1940855034088,2026-05-18,2026-05-21,2026-05-21,delivered,4.2,1,True,119.13
ALB-2026-0000546,SO-2026-0000778,DC_ZGZ,SEUR,7909908631171,2026-05-21,2026-05-22,2026-05-25,delivered,6.6,1,True,108.33
ALB-2026-0000543,SO-2026-0000772,DC_MAD,Correos Express,4421749880395,2026-05-19,2026-05-23,2026-05-23,delivered,0.6,1,False,19.5
ALB-2026-0000548,SO-2026-0000780,DC_BCN,GLS,4346018688549,2026-05-21,2026-05-23,2026-05-23,delivered,1.8,1,False,37.45
ALB-2026-0000549,SO-2026-0000781,DC_ZGZ,GLS,7547307034942,2026-05-22,2026-05-24,2026-05-24,delivered,2.4,1,False,25.05
ALB-2026-0000550,SO-2026-0000782,DC_SEV,SEUR,7820527737921,2026-05-22,2026-05-24,2026-05-24,delivered,4.5,1,True,183.15
ALB-2026-0000544,SO-2026-0000774,DC_SEV,GLS,6090641047975,2026-05-20,2026-05-25,2026-05-25,delivered,0.9,1,False,7.85
ALB-2026-0000545,SO-2026-0000777,DC_ZGZ,SEUR,7659477064266,2026-05-21,2026-05-25,2026-05-25,delivered,0.6,1,False,22.44
ALB-2026-0000547,SO-2026-0000779,DC_SEV,MRW,0106995299498,2026-05-21,2026-05-25,2026-05-25,delivered,5.1,1,False,87.4
ALB-2026-0000551,SO-2026-0000783,DC_VLC,Correos Express,4661142635667,2026-05-22,2026-05-25,2026-05-25,delivered,3.3,1,False,87.45
ALB-2026-0000552,SO-2026-0000784,DC_MAD,SEUR,1018234668941,2026-05-22,2026-05-25,2026-05-25,delivered,1.2,1,False,22.7
ALB-2026-0000555,SO-2026-0000788,DC_ZGZ,GLS,3457363048318,2026-05-23,2026-05-25,2026-05-25,delivered,3.0,1,False,48.8
ALB-2026-0000558,SO-2026-0000794,DC_BCN,GLS,6049057633403,2026-05-23,2026-05-25,2026-05-25,delivered,2.4,1,False,63.77
ALB-2026-0000559,SO-2026-0000795,DC_BCN,SEUR,4384575658903,2026-05-23,2026-05-25,2026-05-25,delivered,2.4,1,False,57.12
ALB-2026-0000553,SO-2026-0000785,DC_MAD,SEUR,7662251072018,2026-05-22,2026-05-26,2026-05-26,delivered,1.5,1,False,38.51
ALB-2026-0000554,SO-2026-0000787,DC_ZGZ,MRW,8069524923453,2026-05-23,2026-05-26,2026-05-26,delivered,2.7,1,False,27.94
ALB-2026-0000556,SO-2026-0000790,DC_BCN,MRW,6604066940724,2026-05-23,2026-05-26,2026-05-26,delivered,5.1,1,True,166.14
ALB-2026-0000560,SO-2026-0000797,DC_BCN,GLS,2251805651512,2026-05-25,2026-05-26,2026-05-28,delivered,6.9,1,True,176.21
ALB-2026-0000557,SO-2026-0000791,DC_SEV,MRW,9614922871298,2026-05-23,2026-05-27,2026-05-27,delivered,1.8,1,False,29.59
ALB-2026-0000561,SO-2026-0000798,DC_VLC,GLS,7751337044678,2026-05-25,2026-05-27,2026-05-27,delivered,3.9,1,True,114.12
ALB-2026-0000564,SO-2026-0000801,DC_ZGZ,SEUR,6806552916096,2026-05-26,2026-05-28,2026-05-28,delivered,1.8,1,False,67.79
ALB-2026-0000565,SO-2026-0000802,DC_MAD,GLS,6863303790524,2026-05-26,2026-05-29,2026-05-29,delivered,3.9,1,False,84.48
ALB-2026-0000562,SO-2026-0000799,DC_ZGZ,MRW,9045614733822,2026-05-26,2026-05-30,2026-05-30,delivered,0.9,1,False,19.6
ALB-2026-0000563,SO-2026-0000800,DC_ZGZ,MRW,6648607984051,2026-05-26,2026-05-30,2026-05-31,delivered,0.6,1,False,27.27
ALB-2026-0000567,SO-2026-0000809,DC_SEV,GLS,7192863960329,2026-05-28,2026-05-30,2026-05-30,delivered,1.2,1,False,25.25
ALB-2026-0000568,SO-2026-0000810,DC_BCN,MRW,7197583179219,2026-05-28,2026-05-30,2026-05-30,delivered,0.3,1,False,21.0
ALB-2026-0000571,SO-2026-0000813,DC_BCN,MRW,4438559044644,2026-05-29,2026-05-30,2026-05-30,delivered,1.8,1,False,82.39
ALB-2026-0000576,SO-2026-0000819,DC_BCN,MRW,0447565053821,2026-05-29,2026-05-30,2026-05-30,delivered,0.6,1,False,37.72
ALB-2026-0000566,SO-2026-0000807,DC_MAD,MRW,9494291921565,2026-05-27,2026-05-31,2026-06-02,delivered,1.5,1,False,21.34
ALB-2026-0000573,SO-2026-0000815,DC_SEV,Correos Express,4682720832489,2026-05-29,2026-05-31,2026-05-31,delivered,5.4,1,True,110.27
ALB-2026-0000575,SO-2026-0000817,DC_BCN,SEUR,9859507192620,2026-05-29,2026-05-31,2026-05-31,delivered,0.9,1,False,48.25
ALB-2026-0000569,SO-2026-0000811,DC_ZGZ,GLS,7588868086151,2026-05-29,2026-06-01,2026-06-01,delivered,0.9,1,False,91.04
ALB-2026-0000570,SO-2026-0000812,DC_BCN,MRW,3368786961671,2026-05-29,2026-06-01,2026-06-01,delivered,0.9,1,False,14.13
ALB-2026-0000578,SO-2026-0000821,DC_SEV,MRW,0355502582592,2026-05-30,2026-06-01,2026-06-03,delivered,0.6,1,False,16.0
ALB-2026-0000579,SO-2026-0000822,DC_MAD,MRW,9195597530542,2026-05-30,2026-06-01,2026-06-01,delivered,4.2,1,False,71.88
ALB-2026-0000572,SO-2026-0000814,DC_MAD,MRW,2678930228671,2026-05-29,2026-06-02,2026-06-02,delivered,2.1,1,False,88.15
ALB-2026-0000574,SO-2026-0000816,DC_MAD,SEUR,5503968605633,2026-05-29,2026-06-02,2026-06-02,delivered,2.4,1,False,52.47
ALB-2026-0000577,SO-2026-0000820,DC_ZGZ,MRW,2179961507441,2026-05-30,2026-06-02,2026-06-02,delivered,1.2,1,False,18.87
ALB-2026-0000581,SO-2026-0000825,DC_BCN,SEUR,0671717442578,2026-05-30,2026-06-02,2026-06-02,delivered,13.5,1,True,204.85
ALB-2026-0000583,SO-2026-0000827,DC_BCN,GLS,6878551909169,2026-05-30,2026-06-02,2026-06-02,delivered,4.5,1,False,58.39
ALB-2026-0000580,SO-2026-0000823,DC_SEV,SEUR,5126145681395,2026-05-30,2026-06-03,2026-06-03,delivered,3.0,1,False,52.77
ALB-2026-0000582,SO-2026-0000826,DC_SEV,MRW,7415204866930,2026-05-30,2026-06-03,2026-06-03,delivered,1.5,1,False,39.8
ALB-2026-0000584,SO-2026-0000828,DC_BCN,SEUR,7808458269592,2026-05-31,2026-06-03,2026-06-03,delivered,3.6,1,False,60.1
ALB-2026-0000586,SO-2026-0000830,DC_BCN,GLS,6727811444284,2026-06-01,2026-06-03,2026-06-03,delivered,0.9,1,False,63.99
ALB-2026-0000591,SO-2026-0000836,DC_VLC,GLS,2909909828186,2026-06-02,2026-06-03,2026-06-03,delivered,4.5,1,False,79.65
ALB-2026-0000585,SO-2026-0000829,DC_MAD,GLS,5539958010710,2026-05-31,2026-06-04,2026-06-04,delivered,0.9,1,False,49.26
ALB-2026-0000588,SO-2026-0000832,DC_ZGZ,MRW,3468294273249,2026-06-01,2026-06-04,2026-06-04,delivered,1.2,1,False,17.6
ALB-2026-0000589,SO-2026-0000833,DC_SEV,Correos Express,6490237341923,2026-06-02,2026-06-04,2026-06-04,delivered,0.9,1,False,16.98
ALB-2026-0000590,SO-2026-0000834,DC_ZGZ,Correos Express,6514552753431,2026-06-02,2026-06-04,2026-06-04,delivered,1.2,1,False,39.98
ALB-2026-0000587,SO-2026-0000831,DC_SEV,SEUR,2451265437058,2026-06-01,2026-06-05,2026-06-05,delivered,1.2,1,False,10.22
ALB-2026-0000592,SO-2026-0000838,DC_ZGZ,SEUR,6836775252743,2026-06-03,2026-06-06,2026-06-06,delivered,1.2,1,False,14.3
ALB-2026-0000597,SO-2026-0000846,DC_SEV,MRW,4004555951096,2026-06-04,2026-06-06,2026-06-06,delivered,4.8,1,True,100.65
ALB-2026-0000593,SO-2026-0000839,DC_MAD,SEUR,8011852882180,2026-06-03,2026-06-07,2026-06-07,delivered,1.2,1,False,72.97
ALB-2026-0000594,SO-2026-0000841,DC_ZGZ,MRW,0389352255895,2026-06-03,2026-06-07,2026-06-07,delivered,4.2,1,False,61.63
ALB-2026-0000596,SO-2026-0000844,DC_ZGZ,GLS,6285714170624,2026-06-04,2026-06-07,2026-06-07,delivered,1.2,1,False,31.06
ALB-2026-0000598,SO-2026-0000847,DC_ZGZ,SEUR,4797975174415,2026-06-04,2026-06-07,2026-06-07,delivered,1.5,1,False,68.1
ALB-2026-0000601,SO-2026-0000851,DC_BCN,MRW,9864401342968,2026-06-05,2026-06-07,2026-06-07,delivered,2.1,1,False,19.18
ALB-2026-0000606,SO-2026-0000856,DC_BCN,MRW,8127620296044,2026-06-06,2026-06-07,2026-06-07,delivered,2.4,1,False,51.15
ALB-2026-0000607,SO-2026-0000857,DC_BCN,MRW,8946164138722,2026-06-06,2026-06-07,2026-06-07,delivered,2.4,1,False,58.24
ALB-2026-0000612,SO-2026-0000864,DC_VLC,MRW,4775804165702,2026-06-06,2026-06-07,2026-06-07,delivered,1.5,1,False,57.19
ALB-2026-0000599,SO-2026-0000848,DC_SEV,GLS,2930713348612,2026-06-04,2026-06-08,2026-06-08,delivered,2.4,1,False,49.55
ALB-2026-0000605,SO-2026-0000855,DC_BCN,MRW,4461368267105,2026-06-06,2026-06-08,2026-06-08,delivered,0.6,1,False,12.6
ALB-2026-0000600,SO-2026-0000849,DC_ZGZ,GLS,1825169183741,2026-06-05,2026-06-09,2026-06-09,delivered,3.0,1,False,60.44
ALB-2026-0000603,SO-2026-0000853,DC_BCN,GLS,4003955065652,2026-06-06,2026-06-09,2026-06-09,delivered,2.1,1,False,45.7
ALB-2026-0000595,SO-2026-0000843,DC_SEV,SEUR,4816994078121,2026-06-04,2026-06-10,2026-06-12,delivered,2.4,1,False,99.0
ALB-2026-0000602,SO-2026-0000852,DC_SEV,MRW,4842439642382,2026-06-06,2026-06-10,2026-06-10,delivered,1.5,1,False,39.9
ALB-2026-0000604,SO-2026-0000854,DC_VLC,MRW,0043083010241,2026-06-06,2026-06-10,2026-06-10,delivered,1.8,1,False,30.9
ALB-2026-0000608,SO-2026-0000858,DC_SEV,SEUR,6850309594833,2026-06-06,2026-06-10,2026-06-10,delivered,3.0,1,False,41.36
ALB-2026-0000609,SO-2026-0000860,DC_MAD,SEUR,1696154123144,2026-06-06,2026-06-10,2026-06-10,delivered,1.5,1,False,21.44
ALB-2026-0000614,SO-2026-0000867,DC_ZGZ,MRW,3959884641037,2026-06-08,2026-06-10,2026-06-10,delivered,1.2,1,False,46.21
ALB-2026-0000611,SO-2026-0000863,DC_SEV,MRW,5776840495699,2026-06-06,2026-06-11,2026-06-11,delivered,1.5,1,False,53.24
ALB-2026-0000610,SO-2026-0000861,DC_SEV,MRW,9691954067085,2026-06-06,2026-06-12,2026-06-12,delivered,2.7,1,True,133.44
ALB-2026-0000620,SO-2026-0000880,DC_BCN,MRW,5333413104211,2026-06-11,2026-06-12,2026-06-12,delivered,1.8,1,False,18.68
ALB-2026-0000613,SO-2026-0000866,DC_SEV,SEUR,8565836215459,2026-06-07,2026-06-13,2026-06-13,delivered,5.4,1,False,96.63
ALB-2026-0000616,SO-2026-0000874,DC_MAD,SEUR,1770240557048,2026-06-10,2026-06-13,2026-06-13,delivered,0.6,1,False,8.35
ALB-2026-0000617,SO-2026-0000876,DC_BCN,MRW,1305994502980,2026-06-11,2026-06-13,2026-06-13,delivered,0.6,1,False,31.9
ALB-2026-0000618,SO-2026-0000877,DC_MAD,SEUR,9227384742621,2026-06-11,2026-06-13,2026-06-13,delivered,3.6,1,False,85.28
ALB-2026-0000619,SO-2026-0000879,DC_ZGZ,SEUR,1735310128416,2026-06-11,2026-06-13,2026-06-16,delivered,1.2,1,False,41.78
ALB-2026-0000615,SO-2026-0000873,DC_ZGZ,MRW,2834936309657,2026-06-10,2026-06-14,2026-06-14,delivered,3.9,1,False,65.7
ALB-2026-0000623,SO-2026-0000884,DC_VLC,MRW,2827042348030,2026-06-11,2026-06-14,2026-06-14,delivered,2.4,1,False,57.14
ALB-2026-0000631,SO-2026-0000895,DC_BCN,Correos Express,7709112308239,2026-06-13,2026-06-14,2026-06-14,delivered,0.6,1,False,11.77
ALB-2026-0000622,SO-2026-0000883,DC_ZGZ,MRW,0729080208236,2026-06-11,2026-06-15,2026-06-15,delivered,6.0,1,False,95.72
ALB-2026-0000624,SO-2026-0000885,DC_MAD,MRW,7543361032286,2026-06-11,2026-06-15,2026-06-15,delivered,1.5,1,False,47.2
ALB-2026-0000625,SO-2026-0000887,DC_MAD,MRW,2513645313689,2026-06-12,2026-06-15,2026-06-15,delivered,1.5,1,False,43.8
ALB-2026-0000626,SO-2026-0000890,DC_BCN,GLS,5331534812930,2026-06-12,2026-06-15,2026-06-15,delivered,1.5,1,False,39.49
ALB-2026-0000627,SO-2026-0000891,DC_MAD,MRW,4978149583494,2026-06-12,2026-06-15,2026-06-15,delivered,1.5,1,False,29.8
ALB-2026-0000628,SO-2026-0000892,DC_SEV,MRW,5562365350770,2026-06-12,2026-06-15,2026-06-15,delivered,0.6,1,False,26.45
ALB-2026-0000630,SO-2026-0000894,DC_BCN,GLS,5732089053425,2026-06-13,2026-06-15,2026-06-15,delivered,3.0,1,False,47.91
ALB-2026-0000621,SO-2026-0000882,DC_SEV,MRW,5129234204334,2026-06-11,2026-06-16,2026-06-16,delivered,0.9,1,False,9.23
ALB-2026-0000632,SO-2026-0000897,DC_BCN,Correos Express,2789238491047,2026-06-14,2026-06-17,2026-06-17,delivered,0.9,1,False,32.84
ALB-2026-0000633,SO-2026-0000899,DC_SEV,MRW,4666241674365,2026-06-14,2026-06-17,2026-06-17,delivered,3.3,1,False,67.32
ALB-2026-0000629,SO-2026-0000893,DC_ZGZ,Correos Express,1933154453156,2026-06-13,2026-06-18,2026-06-18,delivered,1.8,1,False,24.15
ALB-2026-0000636,SO-2026-0000904,DC_BCN,MRW,3977284370193,2026-06-16,2026-06-18,2026-06-20,delivered,1.5,1,False,34.25
ALB-2026-0000634,SO-2026-0000902,DC_BCN,SEUR,9841035580684,2026-06-16,2026-06-19,2026-06-19,delivered,0.9,1,False,79.38
ALB-2026-0000635,SO-2026-0000903,DC_BCN,Correos Express,2442162684166,2026-06-16,2026-06-19,2026-06-19,delivered,0.6,1,False,9.7
ALB-2026-0000637,SO-2026-0000905,DC_ZGZ,MRW,4364010942837,2026-06-17,2026-06-21,,in_transit,3.6,1,False,57.8
ALB-2026-0000638,SO-2026-0000908,DC_BCN,SEUR,4000347283784,2026-06-18,2026-06-21,,in_transit,5.1,1,True,126.11
ALB-2026-0000639,SO-2026-0000911,DC_VLC,MRW,2755577486511,2026-06-19,2026-06-22,,in_transit,1.5,1,False,65.39
