po_id,supplier_id,dc_id,order_date,expected_receipt_date,actual_receipt_date,status,incoterm,payment_terms,currency,total_cost_net,tax_amount,total_cost_gross
PO-2025-0000001,SUP_00016,DC_BCN,2025-12-22,2025-12-28,2025-12-28,received,DAP,30D,EUR,1913.71,401.88,2315.59
PO-2025-0000002,SUP_00016,DC_BCN,2025-12-23,2025-12-29,2025-12-29,received,DAP,30D,EUR,569.78,119.65,689.43
PO-2025-0000003,SUP_00016,DC_SEV,2025-12-23,2025-12-30,2025-12-30,received,DAP,30D,EUR,7677.12,1504.65,9181.77
PO-2025-0000004,SUP_00016,DC_ZGZ,2025-12-24,2025-12-31,2025-12-31,received,DAP,30D,EUR,2863.31,601.3,3464.61
PO-2025-0000005,SUP_00016,DC_BCN,2025-12-24,2025-12-30,2025-12-30,received,DAP,30D,EUR,2597.81,545.54,3143.35
PO-2025-0000006,SUP_00016,DC_SEV,2025-12-24,2026-01-01,2026-01-01,received,DAP,30D,EUR,5445.6,1143.58,6589.18
PO-2025-0000007,SUP_00016,DC_MAD,2025-12-24,2026-01-01,2026-01-01,received,DAP,30D,EUR,4218.76,885.94,5104.7
PO-2025-0000008,SUP_00016,DC_ZGZ,2025-12-25,2025-12-31,2025-12-31,received,DAP,30D,EUR,2054.36,431.42,2485.78
PO-2025-0000009,SUP_00016,DC_BCN,2025-12-25,2026-01-01,2026-01-01,received,DAP,30D,EUR,2591.81,544.28,3136.09
PO-2025-0000010,SUP_00016,DC_VLC,2025-12-25,2025-12-31,2025-12-31,received,DAP,30D,EUR,1002.25,210.47,1212.72
PO-2025-0000011,SUP_00016,DC_BCN,2025-12-26,2026-01-02,2026-01-02,received,DAP,30D,EUR,11947.42,1799.82,13747.24
PO-2025-0000012,SUP_00016,DC_ZGZ,2025-12-26,2026-01-01,2026-01-01,received,DAP,30D,EUR,2244.15,445.18,2689.33
PO-2025-0000013,SUP_00016,DC_SEV,2025-12-26,2026-01-01,2026-01-01,received,DAP,30D,EUR,370.33,77.77,448.1
PO-2025-0000014,SUP_00016,DC_MAD,2025-12-26,2026-01-03,2026-01-03,received,DAP,30D,EUR,442.14,92.85,534.99
PO-2025-0000015,SUP_00016,DC_BCN,2025-12-27,2026-01-04,2026-01-04,received,DAP,30D,EUR,1916.13,402.39,2318.52
PO-2025-0000016,SUP_00016,DC_SEV,2025-12-27,2026-01-03,2026-01-03,received,DAP,30D,EUR,3044.24,588.54,3632.78
PO-2025-0000017,SUP_00016,DC_VLC,2025-12-27,2026-01-04,2026-01-04,received,DAP,30D,EUR,1277.89,268.36,1546.25
PO-2025-0000018,SUP_00016,DC_MAD,2025-12-27,2026-01-03,2026-01-03,received,DAP,30D,EUR,725.26,152.3,877.56
PO-2025-0000019,SUP_00016,DC_BCN,2025-12-28,2026-01-05,2026-01-05,received,DAP,30D,EUR,3087.9,648.46,3736.36
PO-2025-0000020,SUP_00016,DC_MAD,2025-12-29,2026-01-04,2026-01-04,received,DAP,30D,EUR,885.32,185.92,1071.24
PO-2025-0000021,SUP_00016,DC_BCN,2025-12-29,2026-01-04,2026-01-04,received,DAP,30D,EUR,2540.4,533.48,3073.88
PO-2025-0000022,SUP_00016,DC_SEV,2025-12-29,2026-01-05,2026-01-05,received,DAP,30D,EUR,2343.8,408.55,2752.35
PO-2025-0000023,SUP_00016,DC_VLC,2025-12-29,2026-01-06,2026-01-06,received,DAP,30D,EUR,998.08,209.6,1207.68
PO-2025-0000024,SUP_00016,DC_ZGZ,2025-12-30,2026-01-05,2026-01-05,received,DAP,30D,EUR,6320.64,1201.82,7522.46
PO-2025-0000025,SUP_00016,DC_BCN,2025-12-30,2026-01-06,2026-01-06,received,DAP,30D,EUR,7416.07,1557.37,8973.44
PO-2025-0000026,SUP_00016,DC_SEV,2025-12-30,2026-01-05,2026-01-05,received,DAP,30D,EUR,2608.15,547.71,3155.86
PO-2025-0000027,SUP_00016,DC_BCN,2025-12-31,2026-01-06,2026-01-06,received,DAP,30D,EUR,12252.53,2530.12,14782.65
PO-2025-0000028,SUP_00016,DC_ZGZ,2025-12-31,2026-01-06,2026-01-06,received,DAP,30D,EUR,10182.61,2138.35,12320.96
PO-2025-0000029,SUP_00016,DC_SEV,2025-12-31,2026-01-07,2026-01-07,received,DAP,30D,EUR,9454.23,1938.87,11393.1
PO-2026-0000030,SUP_00016,DC_MAD,2026-01-01,2026-01-05,2026-01-05,received,DAP,30D,EUR,5126.26,846.98,5973.24
PO-2026-0000031,SUP_00016,DC_ZGZ,2026-01-01,2026-01-05,2026-01-05,received,DAP,30D,EUR,1140.46,239.5,1379.96
PO-2026-0000032,SUP_00016,DC_BCN,2026-01-01,2026-01-06,2026-01-06,received,DAP,30D,EUR,549.93,115.49,665.42
PO-2026-0000033,SUP_00016,DC_ZGZ,2026-01-02,2026-01-07,2026-01-07,received,DAP,30D,EUR,1548.95,325.28,1874.23
PO-2026-0000034,SUP_00016,DC_SEV,2026-01-02,2026-01-06,2026-01-06,received,DAP,30D,EUR,673.79,141.5,815.29
PO-2026-0000035,SUP_00016,DC_BCN,2026-01-02,2026-01-07,2026-01-07,received,DAP,30D,EUR,599.57,125.91,725.48
PO-2026-0000036,SUP_00016,DC_VLC,2026-01-02,2026-01-07,2026-01-07,received,DAP,30D,EUR,2468.3,446.26,2914.56
PO-2026-0000037,SUP_00016,DC_BCN,2026-01-03,2026-01-07,2026-01-07,received,DAP,30D,EUR,2956.68,620.9,3577.58
PO-2026-0000038,SUP_00016,DC_SEV,2026-01-03,2026-01-09,2026-01-09,received,DAP,30D,EUR,614.72,129.09,743.81
PO-2026-0000039,SUP_00016,DC_ZGZ,2026-01-03,2026-01-08,2026-01-08,received,DAP,30D,EUR,1642.12,344.85,1986.97
PO-2026-0000040,SUP_00016,DC_VLC,2026-01-04,2026-01-09,2026-01-09,received,DAP,30D,EUR,1392.13,292.35,1684.48
PO-2026-0000041,SUP_00016,DC_BCN,2026-01-05,2026-01-11,2026-01-11,received,DAP,30D,EUR,897.99,188.58,1086.57
PO-2026-0000042,SUP_00016,DC_MAD,2026-01-07,2026-01-11,2026-01-11,received,DAP,30D,EUR,2746.57,506.92,3253.49
PO-2026-0000043,SUP_00016,DC_BCN,2026-01-07,2026-01-11,2026-01-11,received,DAP,30D,EUR,665.79,139.82,805.61
PO-2026-0000044,SUP_00016,DC_BCN,2026-01-08,2026-01-14,2026-01-14,received,DAP,30D,EUR,897.27,188.43,1085.7
PO-2026-0000045,SUP_00016,DC_SEV,2026-01-08,2026-01-12,2026-01-12,received,DAP,30D,EUR,1126.52,236.57,1363.09
PO-2026-0000046,SUP_00016,DC_VLC,2026-01-08,2026-01-13,2026-01-13,received,DAP,30D,EUR,1865.13,391.68,2256.81
PO-2026-0000047,SUP_00016,DC_BCN,2026-01-09,2026-01-15,2026-01-15,received,DAP,30D,EUR,1999.84,419.97,2419.81
PO-2026-0000048,SUP_00016,DC_MAD,2026-01-09,2026-01-14,2026-01-14,received,DAP,30D,EUR,3890.28,816.96,4707.24
PO-2026-0000049,SUP_00016,DC_BCN,2026-01-10,2026-01-16,2026-01-16,received,DAP,30D,EUR,865.31,181.72,1047.03
PO-2026-0000050,SUP_00016,DC_VLC,2026-01-10,2026-01-15,2026-01-15,received,DAP,30D,EUR,133.2,5.33,138.53
PO-2026-0000051,SUP_00016,DC_ZGZ,2026-01-10,2026-01-15,2026-01-15,received,DAP,30D,EUR,1515.97,180.65,1696.62
PO-2026-0000052,SUP_00016,DC_SEV,2026-01-11,2026-01-17,2026-01-17,received,DAP,30D,EUR,1887.68,396.41,2284.09
PO-2026-0000053,SUP_00016,DC_ZGZ,2026-01-11,2026-01-15,2026-01-15,received,DAP,30D,EUR,592.25,124.37,716.62
PO-2026-0000054,SUP_00016,DC_MAD,2026-01-12,2026-01-16,2026-01-16,received,DAP,30D,EUR,1217.46,255.67,1473.13
PO-2026-0000055,SUP_00016,DC_MAD,2026-01-13,2026-01-18,2026-01-18,received,DAP,30D,EUR,2214.81,465.11,2679.92
PO-2026-0000056,SUP_00016,DC_SEV,2026-01-13,2026-01-18,2026-01-18,received,DAP,30D,EUR,2979.53,625.7,3605.23
PO-2026-0000057,SUP_00016,DC_BCN,2026-01-13,2026-01-18,2026-01-18,received,DAP,30D,EUR,1003.49,124.76,1128.25
PO-2026-0000058,SUP_00016,DC_SEV,2026-01-14,2026-01-20,2026-01-20,received,DAP,30D,EUR,355.77,74.71,430.48
PO-2026-0000059,SUP_00016,DC_ZGZ,2026-01-14,2026-01-18,2026-01-18,received,DAP,30D,EUR,844.07,177.25,1021.32
PO-2026-0000060,SUP_00016,DC_VLC,2026-01-14,2026-01-19,2026-01-19,received,DAP,30D,EUR,1000.84,210.18,1211.02
PO-2026-0000061,SUP_00016,DC_MAD,2026-01-15,2026-01-21,2026-01-21,received,DAP,30D,EUR,9237.18,1939.81,11176.99
PO-2026-0000062,SUP_00016,DC_BCN,2026-01-15,2026-01-20,2026-01-20,received,DAP,30D,EUR,1069.34,224.56,1293.9
PO-2026-0000063,SUP_00016,DC_VLC,2026-01-15,2026-01-20,2026-01-20,received,DAP,30D,EUR,3718.28,758.48,4476.76
PO-2026-0000064,SUP_00016,DC_BCN,2026-01-16,2026-01-21,2026-01-21,received,DAP,30D,EUR,87.49,18.37,105.86
PO-2026-0000065,SUP_00016,DC_BCN,2026-01-17,2026-01-21,2026-01-21,received,DAP,30D,EUR,840.67,176.54,1017.21
PO-2026-0000066,SUP_00016,DC_ZGZ,2026-01-17,2026-01-21,2026-01-21,received,DAP,30D,EUR,972.2,204.16,1176.36
PO-2026-0000067,SUP_00016,DC_VLC,2026-01-17,2026-01-22,2026-01-22,received,DAP,30D,EUR,2558.8,537.35,3096.15
PO-2026-0000068,SUP_00016,DC_BCN,2026-01-18,2026-01-23,2026-01-23,received,DAP,30D,EUR,76.87,16.14,93.01
PO-2026-0000069,SUP_00016,DC_BCN,2026-01-19,2026-01-25,2026-01-25,received,DAP,30D,EUR,290.3,60.96,351.26
PO-2026-0000070,SUP_00016,DC_VLC,2026-01-19,2026-01-25,2026-01-25,received,DAP,30D,EUR,617.34,129.64,746.98
PO-2026-0000071,SUP_00016,DC_BCN,2026-01-20,2026-01-24,2026-01-24,received,DAP,30D,EUR,383.63,80.56,464.19
PO-2026-0000072,SUP_00016,DC_MAD,2026-01-20,2026-01-26,2026-01-26,received,DAP,30D,EUR,7312.51,1535.63,8848.14
PO-2026-0000073,SUP_00016,DC_SEV,2026-01-20,2026-01-26,2026-01-26,received,DAP,30D,EUR,759.59,159.51,919.1
PO-2026-0000074,SUP_00016,DC_BCN,2026-01-21,2026-01-25,2026-01-25,received,DAP,30D,EUR,1471.18,308.95,1780.13
PO-2026-0000075,SUP_00016,DC_BCN,2026-01-22,2026-01-26,2026-01-26,received,DAP,30D,EUR,3634.17,763.18,4397.35
PO-2026-0000076,SUP_00016,DC_MAD,2026-01-22,2026-01-27,2026-01-27,received,DAP,30D,EUR,3770.5,791.81,4562.31
PO-2026-0000077,SUP_00016,DC_VLC,2026-01-22,2026-01-27,2026-01-27,received,DAP,30D,EUR,393.72,82.68,476.4
PO-2026-0000078,SUP_00016,DC_SEV,2026-01-23,2026-01-28,2026-01-28,received,DAP,30D,EUR,228.24,47.93,276.17
PO-2026-0000079,SUP_00016,DC_VLC,2026-01-23,2026-01-29,2026-01-29,received,DAP,30D,EUR,3114.45,654.03,3768.48
PO-2026-0000080,SUP_00016,DC_BCN,2026-01-24,2026-01-30,2026-01-30,received,DAP,30D,EUR,1510.9,317.29,1828.19
PO-2026-0000081,SUP_00016,DC_SEV,2026-01-24,2026-01-30,2026-01-30,received,DAP,30D,EUR,932.0,195.72,1127.72
PO-2026-0000082,SUP_00016,DC_VLC,2026-01-24,2026-01-29,2026-01-29,received,DAP,30D,EUR,2574.76,540.7,3115.46
PO-2026-0000083,SUP_00016,DC_ZGZ,2026-01-26,2026-01-31,2026-01-31,received,DAP,30D,EUR,540.41,113.49,653.9
PO-2026-0000084,SUP_00016,DC_ZGZ,2026-01-27,2026-02-01,2026-02-01,received,DAP,30D,EUR,1024.34,197.26,1221.6
PO-2026-0000085,SUP_00016,DC_MAD,2026-01-27,2026-01-31,2026-01-31,received,DAP,30D,EUR,1286.91,270.25,1557.16
PO-2026-0000086,SUP_00016,DC_BCN,2026-01-27,2026-02-01,2026-02-01,received,DAP,30D,EUR,492.83,103.49,596.32
PO-2026-0000087,SUP_00016,DC_MAD,2026-01-28,2026-02-02,2026-02-02,received,DAP,30D,EUR,1713.62,359.86,2073.48
PO-2026-0000088,SUP_00016,DC_SEV,2026-01-28,2026-02-02,2026-02-02,received,DAP,30D,EUR,140.34,29.47,169.81
PO-2026-0000089,SUP_00016,DC_ZGZ,2026-01-28,2026-02-02,2026-02-02,received,DAP,30D,EUR,398.5,83.69,482.19
PO-2026-0000090,SUP_00016,DC_BCN,2026-01-29,2026-02-03,2026-02-03,received,DAP,30D,EUR,181.64,38.14,219.78
PO-2026-0000091,SUP_00016,DC_SEV,2026-01-29,2026-02-04,2026-02-04,received,DAP,30D,EUR,503.11,105.65,608.76
PO-2026-0000092,SUP_00016,DC_MAD,2026-01-29,2026-02-02,2026-02-02,received,DAP,30D,EUR,4967.82,918.31,5886.13
PO-2026-0000093,SUP_00016,DC_VLC,2026-01-29,2026-02-03,2026-02-03,received,DAP,30D,EUR,476.53,100.07,576.6
PO-2026-0000094,SUP_00016,DC_ZGZ,2026-01-30,2026-02-04,2026-02-04,received,DAP,30D,EUR,193.47,40.63,234.1
PO-2026-0000095,SUP_00016,DC_BCN,2026-01-30,2026-02-04,2026-02-04,received,DAP,30D,EUR,386.28,81.12,467.4
PO-2026-0000096,SUP_00016,DC_ZGZ,2026-01-31,2026-02-05,2026-02-05,received,DAP,30D,EUR,1122.07,235.63,1357.7
PO-2026-0000097,SUP_00016,DC_BCN,2026-01-31,2026-02-04,2026-02-04,received,DAP,30D,EUR,136.9,28.75,165.65
PO-2026-0000098,SUP_00016,DC_MAD,2026-01-31,2026-02-05,2026-02-05,received,DAP,30D,EUR,1299.8,272.96,1572.76
PO-2026-0000099,SUP_00016,DC_BCN,2026-02-01,2026-02-06,2026-02-06,received,DAP,30D,EUR,827.66,173.81,1001.47
PO-2026-0000100,SUP_00016,DC_ZGZ,2026-02-02,2026-02-07,2026-02-07,received,DAP,30D,EUR,546.75,114.82,661.57
PO-2026-0000101,SUP_00016,DC_MAD,2026-02-03,2026-02-08,2026-02-08,received,DAP,30D,EUR,474.35,99.61,573.96
PO-2026-0000102,SUP_00016,DC_BCN,2026-02-03,2026-02-07,2026-02-07,received,DAP,30D,EUR,169.77,35.65,205.42
PO-2026-0000103,SUP_00016,DC_ZGZ,2026-02-04,2026-02-09,2026-02-09,received,DAP,30D,EUR,262.82,55.19,318.01
PO-2026-0000104,SUP_00016,DC_ZGZ,2026-02-05,2026-02-11,2026-02-11,received,DAP,30D,EUR,1299.29,272.85,1572.14
PO-2026-0000105,SUP_00016,DC_BCN,2026-02-05,2026-02-11,2026-02-11,received,DAP,30D,EUR,1301.97,273.41,1575.38
PO-2026-0000106,SUP_00016,DC_BCN,2026-02-06,2026-02-11,2026-02-11,received,DAP,30D,EUR,1832.28,384.78,2217.06
PO-2026-0000107,SUP_00016,DC_ZGZ,2026-02-06,2026-02-12,2026-02-12,received,DAP,30D,EUR,4551.94,955.91,5507.85
PO-2026-0000108,SUP_00016,DC_VLC,2026-02-06,2026-02-11,2026-02-11,received,DAP,30D,EUR,515.97,108.35,624.32
PO-2026-0000109,SUP_00016,DC_BCN,2026-02-07,2026-02-12,2026-02-12,received,DAP,30D,EUR,1949.9,409.48,2359.38
PO-2026-0000110,SUP_00016,DC_ZGZ,2026-02-07,2026-02-13,2026-02-13,received,DAP,30D,EUR,348.92,73.27,422.19
PO-2026-0000111,SUP_00016,DC_MAD,2026-02-07,2026-02-13,2026-02-13,received,DAP,30D,EUR,6376.24,1339.01,7715.25
PO-2026-0000112,SUP_00016,DC_VLC,2026-02-07,2026-02-11,2026-02-11,received,DAP,30D,EUR,3604.48,756.94,4361.42
PO-2026-0000113,SUP_00016,DC_BCN,2026-02-08,2026-02-12,2026-02-12,received,DAP,30D,EUR,197.2,41.41,238.61
PO-2026-0000114,SUP_00016,DC_ZGZ,2026-02-09,2026-02-14,2026-02-14,received,DAP,30D,EUR,6544.45,880.39,7424.84
PO-2026-0000115,SUP_00016,DC_BCN,2026-02-10,2026-02-15,2026-02-15,received,DAP,30D,EUR,1085.65,227.99,1313.64
PO-2026-0000116,SUP_00016,DC_MAD,2026-02-11,2026-02-15,2026-02-15,received,DAP,30D,EUR,1682.67,253.81,1936.48
PO-2026-0000117,SUP_00016,DC_ZGZ,2026-02-11,2026-02-16,2026-02-16,received,DAP,30D,EUR,180.55,37.92,218.47
PO-2026-0000118,SUP_00016,DC_BCN,2026-02-11,2026-02-16,2026-02-16,received,DAP,30D,EUR,940.5,197.5,1138.0
PO-2026-0000119,SUP_00016,DC_BCN,2026-02-12,2026-02-17,2026-02-17,received,DAP,30D,EUR,1055.66,221.69,1277.35
PO-2026-0000120,SUP_00016,DC_SEV,2026-02-12,2026-02-17,2026-02-17,received,DAP,30D,EUR,473.0,18.92,491.92
PO-2026-0000121,SUP_00016,DC_BCN,2026-02-13,2026-02-18,2026-02-18,received,DAP,30D,EUR,1391.2,292.15,1683.35
PO-2026-0000122,SUP_00016,DC_MAD,2026-02-13,2026-02-19,2026-02-19,received,DAP,30D,EUR,701.86,147.39,849.25
PO-2026-0000123,SUP_00016,DC_ZGZ,2026-02-14,2026-02-20,2026-02-20,received,DAP,30D,EUR,2271.7,227.17,2498.87
PO-2026-0000124,SUP_00016,DC_BCN,2026-02-17,2026-02-23,2026-02-23,received,DAP,30D,EUR,921.63,193.54,1115.17
PO-2026-0000125,SUP_00016,DC_BCN,2026-02-18,2026-02-24,2026-02-24,received,DAP,30D,EUR,622.57,130.74,753.31
PO-2026-0000126,SUP_00016,DC_SEV,2026-02-18,2026-02-24,2026-02-24,received,DAP,30D,EUR,679.99,142.8,822.79
PO-2026-0000127,SUP_00016,DC_BCN,2026-02-19,2026-02-23,2026-02-23,received,DAP,30D,EUR,920.92,193.39,1114.31
PO-2026-0000128,SUP_00016,DC_ZGZ,2026-02-19,2026-02-24,2026-02-24,received,DAP,30D,EUR,959.83,139.5,1099.33
PO-2026-0000129,SUP_00016,DC_BCN,2026-02-20,2026-02-25,2026-02-25,received,DAP,30D,EUR,2930.85,615.48,3546.33
PO-2026-0000130,SUP_00016,DC_SEV,2026-02-20,2026-02-25,2026-02-25,received,DAP,30D,EUR,2515.75,528.31,3044.06
PO-2026-0000131,SUP_00016,DC_VLC,2026-02-20,2026-02-26,2026-02-26,received,DAP,30D,EUR,1170.57,245.82,1416.39
PO-2026-0000132,SUP_00016,DC_SEV,2026-02-23,2026-02-28,2026-02-28,received,DAP,30D,EUR,1805.42,379.14,2184.56
PO-2026-0000133,SUP_00016,DC_BCN,2026-02-23,2026-03-01,2026-03-01,received,DAP,30D,EUR,1476.51,262.67,1739.18
PO-2026-0000134,SUP_00016,DC_SEV,2026-02-25,2026-03-02,2026-03-02,received,DAP,30D,EUR,2176.74,457.12,2633.86
PO-2026-0000135,SUP_00016,DC_BCN,2026-02-25,2026-03-01,2026-03-01,received,DAP,30D,EUR,438.75,92.14,530.89
PO-2026-0000136,SUP_00016,DC_ZGZ,2026-02-25,2026-03-02,2026-03-02,received,DAP,30D,EUR,126.45,26.55,153.0
PO-2026-0000137,SUP_00016,DC_VLC,2026-02-26,2026-03-03,2026-03-03,received,DAP,30D,EUR,293.72,61.68,355.4
PO-2026-0000138,SUP_00016,DC_BCN,2026-02-26,2026-03-02,2026-03-02,received,DAP,30D,EUR,761.03,159.82,920.85
PO-2026-0000139,SUP_00016,DC_BCN,2026-02-27,2026-03-05,2026-03-05,received,DAP,30D,EUR,1708.0,358.68,2066.68
PO-2026-0000140,SUP_00016,DC_SEV,2026-02-27,2026-03-05,2026-03-05,received,DAP,30D,EUR,1064.77,223.6,1288.37
PO-2026-0000141,SUP_00016,DC_SEV,2026-02-28,2026-03-05,2026-03-05,received,DAP,30D,EUR,1147.87,241.05,1388.92
PO-2026-0000142,SUP_00016,DC_VLC,2026-02-28,2026-03-04,2026-03-04,received,DAP,30D,EUR,929.05,169.54,1098.59
PO-2026-0000143,SUP_00016,DC_BCN,2026-02-28,2026-03-06,2026-03-06,received,DAP,30D,EUR,439.61,92.32,531.93
PO-2026-0000144,SUP_00016,DC_BCN,2026-03-01,2026-03-06,2026-03-06,received,DAP,30D,EUR,166.93,35.06,201.99
PO-2026-0000145,SUP_00016,DC_ZGZ,2026-03-01,2026-03-06,2026-03-06,received,DAP,30D,EUR,206.93,43.46,250.39
PO-2026-0000146,SUP_00016,DC_ZGZ,2026-03-02,2026-03-08,2026-03-08,received,DAP,30D,EUR,230.08,9.2,239.28
PO-2026-0000147,SUP_00016,DC_BCN,2026-03-02,2026-03-07,2026-03-07,received,DAP,30D,EUR,222.73,46.77,269.5
PO-2026-0000148,SUP_00016,DC_BCN,2026-03-03,2026-03-07,2026-03-07,received,DAP,30D,EUR,930.07,195.31,1125.38
PO-2026-0000149,SUP_00016,DC_SEV,2026-03-03,2026-03-08,2026-03-08,received,DAP,30D,EUR,2346.21,492.7,2838.91
PO-2026-0000150,SUP_00016,DC_BCN,2026-03-04,2026-03-08,2026-03-08,received,DAP,30D,EUR,1867.13,392.1,2259.23
PO-2026-0000151,SUP_00016,DC_SEV,2026-03-04,2026-03-09,2026-03-09,received,DAP,30D,EUR,2249.91,447.58,2697.49
PO-2026-0000152,SUP_00016,DC_ZGZ,2026-03-04,2026-03-09,2026-03-09,received,DAP,30D,EUR,430.18,90.34,520.52
PO-2026-0000153,SUP_00016,DC_BCN,2026-03-05,2026-03-10,2026-03-10,received,DAP,30D,EUR,558.77,117.34,676.11
PO-2026-0000154,SUP_00016,DC_VLC,2026-03-05,2026-03-09,2026-03-09,received,DAP,30D,EUR,875.22,183.8,1059.02
PO-2026-0000155,SUP_00016,DC_ZGZ,2026-03-06,2026-03-10,2026-03-10,received,DAP,30D,EUR,709.0,148.89,857.89
PO-2026-0000156,SUP_00016,DC_SEV,2026-03-06,2026-03-11,2026-03-11,received,DAP,30D,EUR,243.65,51.17,294.82
PO-2026-0000157,SUP_00016,DC_SEV,2026-03-07,2026-03-11,2026-03-11,received,DAP,30D,EUR,376.0,78.96,454.96
PO-2026-0000158,SUP_00016,DC_BCN,2026-03-07,2026-03-13,2026-03-13,received,DAP,30D,EUR,1874.43,352.84,2227.27
PO-2026-0000159,SUP_00016,DC_ZGZ,2026-03-07,2026-03-11,2026-03-11,received,DAP,30D,EUR,490.09,102.92,593.01
PO-2026-0000160,SUP_00016,DC_VLC,2026-03-08,2026-03-13,2026-03-13,received,DAP,30D,EUR,1903.48,399.73,2303.21
PO-2026-0000161,SUP_00016,DC_MAD,2026-03-09,2026-03-13,2026-03-13,received,DAP,30D,EUR,1110.16,233.13,1343.29
PO-2026-0000162,SUP_00016,DC_ZGZ,2026-03-09,2026-03-14,2026-03-14,received,DAP,30D,EUR,356.08,74.78,430.86
PO-2026-0000163,SUP_00016,DC_VLC,2026-03-09,2026-03-14,2026-03-14,received,DAP,30D,EUR,2718.48,570.88,3289.36
PO-2026-0000164,SUP_00016,DC_ZGZ,2026-03-10,2026-03-14,2026-03-14,received,DAP,30D,EUR,248.23,52.13,300.36
PO-2026-0000165,SUP_00016,DC_BCN,2026-03-10,2026-03-16,2026-03-16,received,DAP,30D,EUR,202.37,42.5,244.87
PO-2026-0000166,SUP_00016,DC_VLC,2026-03-10,2026-03-16,2026-03-16,received,DAP,30D,EUR,381.53,80.12,461.65
PO-2026-0000167,SUP_00016,DC_SEV,2026-03-11,2026-03-17,2026-03-17,received,DAP,30D,EUR,1116.88,234.54,1351.42
PO-2026-0000168,SUP_00016,DC_BCN,2026-03-11,2026-03-16,2026-03-16,received,DAP,30D,EUR,638.36,134.06,772.42
PO-2026-0000169,SUP_00016,DC_ZGZ,2026-03-11,2026-03-16,2026-03-16,received,DAP,30D,EUR,884.64,185.77,1070.41
PO-2026-0000170,SUP_00016,DC_MAD,2026-03-11,2026-03-17,2026-03-17,received,DAP,30D,EUR,1473.67,309.47,1783.14
PO-2026-0000171,SUP_00016,DC_VLC,2026-03-11,2026-03-17,2026-03-17,received,DAP,30D,EUR,200.8,42.17,242.97
PO-2026-0000172,SUP_00016,DC_ZGZ,2026-03-12,2026-03-16,2026-03-16,received,DAP,30D,EUR,275.47,57.85,333.32
PO-2026-0000173,SUP_00016,DC_BCN,2026-03-12,2026-03-17,2026-03-17,received,DAP,30D,EUR,166.55,34.98,201.53
PO-2026-0000174,SUP_00016,DC_MAD,2026-03-12,2026-03-18,2026-03-18,received,DAP,30D,EUR,1925.13,404.28,2329.41
PO-2026-0000175,SUP_00016,DC_VLC,2026-03-12,2026-03-17,2026-03-17,received,DAP,30D,EUR,236.59,49.68,286.27
PO-2026-0000176,SUP_00016,DC_ZGZ,2026-03-13,2026-03-17,2026-03-17,received,DAP,30D,EUR,553.79,116.3,670.09
PO-2026-0000177,SUP_00016,DC_BCN,2026-03-14,2026-03-20,2026-03-20,received,DAP,30D,EUR,886.25,160.92,1047.17
PO-2026-0000178,SUP_00016,DC_MAD,2026-03-14,2026-03-18,2026-03-18,received,DAP,30D,EUR,479.52,100.7,580.22
PO-2026-0000179,SUP_00016,DC_ZGZ,2026-03-14,2026-03-19,2026-03-19,received,DAP,30D,EUR,668.95,140.48,809.43
PO-2026-0000180,SUP_00016,DC_BCN,2026-03-16,2026-03-22,2026-03-22,received,DAP,30D,EUR,1587.59,333.39,1920.98
PO-2026-0000181,SUP_00016,DC_ZGZ,2026-03-17,2026-03-21,2026-03-21,received,DAP,30D,EUR,1896.83,336.0,2232.83
PO-2026-0000182,SUP_00016,DC_MAD,2026-03-17,2026-03-22,2026-03-22,received,DAP,30D,EUR,761.9,160.0,921.9
PO-2026-0000183,SUP_00016,DC_BCN,2026-03-18,2026-03-23,2026-03-23,received,DAP,30D,EUR,369.21,36.51,405.72
PO-2026-0000184,SUP_00016,DC_MAD,2026-03-19,2026-03-23,2026-03-23,received,DAP,30D,EUR,1645.15,345.48,1990.63
PO-2026-0000185,SUP_00016,DC_BCN,2026-03-19,2026-03-24,2026-03-24,received,DAP,30D,EUR,525.62,110.38,636.0
PO-2026-0000186,SUP_00016,DC_SEV,2026-03-20,2026-03-25,2026-03-25,received,DAP,30D,EUR,290.96,61.1,352.06
PO-2026-0000187,SUP_00016,DC_ZGZ,2026-03-20,2026-03-24,2026-03-24,received,DAP,30D,EUR,1022.32,214.69,1237.01
PO-2026-0000188,SUP_00016,DC_BCN,2026-03-20,2026-03-25,2026-03-25,received,DAP,30D,EUR,3093.09,649.55,3742.64
PO-2026-0000189,SUP_00016,DC_VLC,2026-03-20,2026-03-25,2026-03-25,received,DAP,30D,EUR,3276.84,667.57,3944.41
PO-2026-0000190,SUP_00016,DC_BCN,2026-03-21,2026-03-26,2026-03-26,received,DAP,30D,EUR,1356.71,284.91,1641.62
PO-2026-0000191,SUP_00016,DC_ZGZ,2026-03-21,2026-03-26,2026-03-26,received,DAP,30D,EUR,813.94,170.93,984.87
PO-2026-0000192,SUP_00016,DC_BCN,2026-03-22,2026-03-26,2026-03-26,received,DAP,30D,EUR,353.61,74.26,427.87
PO-2026-0000193,SUP_00016,DC_BCN,2026-03-23,2026-03-29,2026-03-29,received,DAP,30D,EUR,1663.89,349.42,2013.31
PO-2026-0000194,SUP_00016,DC_MAD,2026-03-24,2026-03-29,2026-03-29,received,DAP,30D,EUR,366.57,76.98,443.55
PO-2026-0000195,SUP_00016,DC_BCN,2026-03-24,2026-03-28,2026-03-28,received,DAP,30D,EUR,934.1,196.16,1130.26
PO-2026-0000196,SUP_00016,DC_BCN,2026-03-25,2026-03-30,2026-03-30,received,DAP,30D,EUR,1026.97,139.46,1166.43
PO-2026-0000197,SUP_00016,DC_ZGZ,2026-03-25,2026-03-30,2026-03-30,received,DAP,30D,EUR,1132.73,237.87,1370.6
PO-2026-0000198,SUP_00016,DC_VLC,2026-03-25,2026-03-29,2026-03-29,received,DAP,30D,EUR,475.23,99.8,575.03
PO-2026-0000199,SUP_00016,DC_BCN,2026-03-26,2026-04-01,2026-04-01,received,DAP,30D,EUR,222.61,46.75,269.36
PO-2026-0000200,SUP_00016,DC_MAD,2026-03-26,2026-04-01,2026-04-01,received,DAP,30D,EUR,958.9,201.37,1160.27
PO-2026-0000201,SUP_00016,DC_BCN,2026-03-28,2026-04-02,2026-04-02,received,DAP,30D,EUR,332.62,69.85,402.47
PO-2026-0000202,SUP_00016,DC_SEV,2026-03-28,2026-04-03,2026-04-03,received,DAP,30D,EUR,508.25,106.73,614.98
PO-2026-0000203,SUP_00016,DC_ZGZ,2026-03-29,2026-04-04,2026-04-04,received,DAP,30D,EUR,406.62,85.39,492.01
PO-2026-0000204,SUP_00016,DC_BCN,2026-03-29,2026-04-05,2026-04-05,received,DAP,30D,EUR,92.47,19.42,111.89
PO-2026-0000205,SUP_00016,DC_SEV,2026-03-29,2026-04-05,2026-04-05,received,DAP,30D,EUR,973.38,204.41,1177.79
PO-2026-0000206,SUP_00016,DC_BCN,2026-03-30,2026-04-06,2026-04-06,received,DAP,30D,EUR,309.09,64.91,374.0
PO-2026-0000207,SUP_00016,DC_VLC,2026-03-31,2026-04-07,2026-04-07,received,DAP,30D,EUR,376.48,79.06,455.54
PO-2026-0000208,SUP_00016,DC_BCN,2026-04-01,2026-04-07,2026-04-07,received,DAP,30D,EUR,446.93,93.86,540.79
PO-2026-0000209,SUP_00016,DC_ZGZ,2026-04-02,2026-04-08,2026-04-08,received,DAP,30D,EUR,1429.61,300.22,1729.83
PO-2026-0000210,SUP_00016,DC_MAD,2026-04-02,2026-04-07,2026-04-07,received,DAP,30D,EUR,3008.32,631.75,3640.07
PO-2026-0000211,SUP_00016,DC_VLC,2026-04-02,2026-04-09,2026-04-09,received,DAP,30D,EUR,1406.75,295.42,1702.17
PO-2026-0000212,SUP_00016,DC_SEV,2026-04-02,2026-04-09,2026-04-09,received,DAP,30D,EUR,719.45,151.08,870.53
PO-2026-0000213,SUP_00016,DC_SEV,2026-04-03,2026-04-09,2026-04-09,received,DAP,30D,EUR,397.1,83.39,480.49
PO-2026-0000214,SUP_00016,DC_SEV,2026-04-04,2026-04-11,2026-04-11,received,DAP,30D,EUR,4192.24,880.37,5072.61
PO-2026-0000215,SUP_00016,DC_BCN,2026-04-05,2026-04-10,2026-04-10,received,DAP,30D,EUR,904.16,115.58,1019.74
PO-2026-0000216,SUP_00016,DC_ZGZ,2026-04-06,2026-04-10,2026-04-10,received,DAP,30D,EUR,391.56,82.23,473.79
PO-2026-0000217,SUP_00016,DC_SEV,2026-04-06,2026-04-11,2026-04-11,received,DAP,30D,EUR,865.21,181.69,1046.9
PO-2026-0000218,SUP_00016,DC_BCN,2026-04-07,2026-04-12,2026-04-12,received,DAP,30D,EUR,443.21,93.07,536.28
PO-2026-0000219,SUP_00016,DC_SEV,2026-04-07,2026-04-12,2026-04-12,received,DAP,30D,EUR,2996.49,629.26,3625.75
PO-2026-0000220,SUP_00016,DC_MAD,2026-04-08,2026-04-12,2026-04-12,received,DAP,30D,EUR,986.21,207.1,1193.31
PO-2026-0000221,SUP_00016,DC_ZGZ,2026-04-08,2026-04-13,2026-04-13,received,DAP,30D,EUR,628.29,131.94,760.23
PO-2026-0000222,SUP_00016,DC_ZGZ,2026-04-09,2026-04-14,2026-04-14,received,DAP,30D,EUR,227.04,47.68,274.72
PO-2026-0000223,SUP_00016,DC_MAD,2026-04-09,2026-04-15,2026-04-15,received,DAP,30D,EUR,3313.99,668.76,3982.75
PO-2026-0000224,SUP_00016,DC_ZGZ,2026-04-10,2026-04-16,2026-04-16,received,DAP,30D,EUR,1970.0,413.7,2383.7
PO-2026-0000225,SUP_00016,DC_BCN,2026-04-11,2026-04-16,2026-04-16,received,DAP,30D,EUR,3920.12,823.23,4743.35
PO-2026-0000226,SUP_00016,DC_MAD,2026-04-11,2026-04-16,2026-04-16,received,DAP,30D,EUR,3580.67,524.74,4105.41
PO-2026-0000227,SUP_00016,DC_ZGZ,2026-04-11,2026-04-16,2026-04-16,received,DAP,30D,EUR,1195.36,251.03,1446.39
PO-2026-0000228,SUP_00016,DC_BCN,2026-04-12,2026-04-17,2026-04-17,received,DAP,30D,EUR,863.54,73.3,936.84
PO-2026-0000229,SUP_00016,DC_SEV,2026-04-13,2026-04-18,2026-04-18,received,DAP,30D,EUR,566.51,118.97,685.48
PO-2026-0000230,SUP_00016,DC_MAD,2026-04-14,2026-04-18,2026-04-18,received,DAP,30D,EUR,253.7,53.28,306.98
PO-2026-0000231,SUP_00016,DC_BCN,2026-04-15,2026-04-20,2026-04-20,received,DAP,30D,EUR,2259.21,474.43,2733.64
PO-2026-0000232,SUP_00016,DC_ZGZ,2026-04-16,2026-04-22,2026-04-22,received,DAP,30D,EUR,537.21,79.18,616.39
PO-2026-0000233,SUP_00016,DC_ZGZ,2026-04-17,2026-04-22,2026-04-22,received,DAP,30D,EUR,848.4,178.16,1026.56
PO-2026-0000234,SUP_00016,DC_SEV,2026-04-17,2026-04-22,2026-04-22,received,DAP,30D,EUR,2318.38,486.86,2805.24
PO-2026-0000235,SUP_00016,DC_BCN,2026-04-17,2026-04-22,2026-04-22,received,DAP,30D,EUR,622.16,130.65,752.81
PO-2026-0000236,SUP_00016,DC_SEV,2026-04-18,2026-04-24,2026-04-24,received,DAP,30D,EUR,1384.54,290.75,1675.29
PO-2026-0000237,SUP_00016,DC_ZGZ,2026-04-18,2026-04-24,2026-04-24,received,DAP,30D,EUR,948.38,157.75,1106.13
PO-2026-0000238,SUP_00016,DC_VLC,2026-04-18,2026-04-23,2026-04-23,received,DAP,30D,EUR,968.74,203.44,1172.18
PO-2026-0000239,SUP_00016,DC_ZGZ,2026-04-19,2026-04-24,2026-04-24,received,DAP,30D,EUR,192.59,40.44,233.03
PO-2026-0000240,SUP_00016,DC_BCN,2026-04-19,2026-04-25,2026-04-25,received,DAP,30D,EUR,175.63,36.88,212.51
PO-2026-0000241,SUP_00016,DC_SEV,2026-04-20,2026-04-25,2026-04-25,received,DAP,30D,EUR,1226.18,257.5,1483.68
PO-2026-0000242,SUP_00016,DC_BCN,2026-04-20,2026-04-25,2026-04-25,received,DAP,30D,EUR,209.41,43.98,253.39
PO-2026-0000243,SUP_00016,DC_MAD,2026-04-21,2026-04-26,2026-04-26,received,DAP,30D,EUR,299.04,62.8,361.84
PO-2026-0000244,SUP_00016,DC_SEV,2026-04-22,2026-04-28,2026-04-28,received,DAP,30D,EUR,633.79,133.1,766.89
PO-2026-0000245,SUP_00016,DC_ZGZ,2026-04-23,2026-04-27,2026-04-27,received,DAP,30D,EUR,742.91,29.72,772.63
PO-2026-0000246,SUP_00016,DC_SEV,2026-04-23,2026-04-28,2026-04-28,received,DAP,30D,EUR,849.81,116.56,966.37
PO-2026-0000247,SUP_00016,DC_SEV,2026-04-24,2026-04-28,2026-04-28,received,DAP,30D,EUR,298.8,62.75,361.55
PO-2026-0000248,SUP_00016,DC_MAD,2026-04-24,2026-04-29,2026-04-29,received,DAP,30D,EUR,938.52,197.09,1135.61
PO-2026-0000249,SUP_00016,DC_ZGZ,2026-04-25,2026-04-30,2026-04-30,received,DAP,30D,EUR,392.28,65.28,457.56
PO-2026-0000250,SUP_00016,DC_BCN,2026-04-25,2026-04-30,2026-04-30,received,DAP,30D,EUR,156.3,32.82,189.12
PO-2026-0000251,SUP_00016,DC_MAD,2026-04-27,2026-05-02,2026-05-02,received,DAP,30D,EUR,1960.39,411.68,2372.07
PO-2026-0000252,SUP_00016,DC_ZGZ,2026-04-28,2026-05-03,2026-05-03,received,DAP,30D,EUR,533.87,112.11,645.98
PO-2026-0000253,SUP_00016,DC_MAD,2026-04-28,2026-05-04,2026-05-04,received,DAP,30D,EUR,1442.98,303.03,1746.01
PO-2026-0000254,SUP_00016,DC_BCN,2026-04-29,2026-05-03,2026-05-03,received,DAP,30D,EUR,1297.73,272.52,1570.25
PO-2026-0000255,SUP_00016,DC_MAD,2026-04-29,2026-05-03,2026-05-03,received,DAP,30D,EUR,621.33,130.48,751.81
PO-2026-0000256,SUP_00016,DC_ZGZ,2026-04-30,2026-05-05,2026-05-05,received,DAP,30D,EUR,1410.61,254.78,1665.39
PO-2026-0000257,SUP_00016,DC_SEV,2026-04-30,2026-05-06,2026-05-06,received,DAP,30D,EUR,280.03,58.81,338.84
PO-2026-0000258,SUP_00016,DC_BCN,2026-04-30,2026-05-05,2026-05-05,received,DAP,30D,EUR,457.04,95.98,553.02
PO-2026-0000259,SUP_00016,DC_MAD,2026-05-01,2026-05-06,2026-05-06,received,DAP,30D,EUR,568.14,119.31,687.45
PO-2026-0000260,SUP_00016,DC_BCN,2026-05-01,2026-05-06,2026-05-06,received,DAP,30D,EUR,612.17,41.78,653.95
PO-2026-0000261,SUP_00016,DC_SEV,2026-05-01,2026-05-06,2026-05-06,received,DAP,30D,EUR,1306.07,274.27,1580.34
PO-2026-0000262,SUP_00016,DC_BCN,2026-05-02,2026-05-06,2026-05-06,received,DAP,30D,EUR,1109.51,135.11,1244.62
PO-2026-0000263,SUP_00016,DC_ZGZ,2026-05-02,2026-05-06,2026-05-06,received,DAP,30D,EUR,244.2,51.28,295.48
PO-2026-0000264,SUP_00016,DC_MAD,2026-05-04,2026-05-09,2026-05-09,received,DAP,30D,EUR,342.56,71.94,414.5
PO-2026-0000265,SUP_00016,DC_BCN,2026-05-05,2026-05-10,2026-05-10,received,DAP,30D,EUR,1991.42,418.2,2409.62
PO-2026-0000266,SUP_00016,DC_MAD,2026-05-05,2026-05-10,2026-05-10,received,DAP,30D,EUR,2457.3,516.03,2973.33
PO-2026-0000267,SUP_00016,DC_ZGZ,2026-05-06,2026-05-12,2026-05-12,received,DAP,30D,EUR,2156.98,452.97,2609.95
PO-2026-0000268,SUP_00016,DC_BCN,2026-05-07,2026-05-13,2026-05-13,received,DAP,30D,EUR,379.08,15.16,394.24
PO-2026-0000269,SUP_00016,DC_ZGZ,2026-05-07,2026-05-13,2026-05-13,received,DAP,30D,EUR,1540.93,323.6,1864.53
PO-2026-0000270,SUP_00016,DC_MAD,2026-05-07,2026-05-13,2026-05-13,received,DAP,30D,EUR,2171.84,456.09,2627.93
PO-2026-0000271,SUP_00016,DC_SEV,2026-05-07,2026-05-13,2026-05-13,received,DAP,30D,EUR,1526.44,320.55,1846.99
PO-2026-0000272,SUP_00016,DC_ZGZ,2026-05-08,2026-05-13,2026-05-13,received,DAP,30D,EUR,2488.67,522.62,3011.29
PO-2026-0000273,SUP_00016,DC_SEV,2026-05-08,2026-05-13,2026-05-13,received,DAP,30D,EUR,800.09,168.02,968.11
PO-2026-0000274,SUP_00016,DC_MAD,2026-05-09,2026-05-15,2026-05-15,received,DAP,30D,EUR,1820.22,382.25,2202.47
PO-2026-0000275,SUP_00016,DC_ZGZ,2026-05-09,2026-05-14,2026-05-14,received,DAP,30D,EUR,202.81,42.59,245.4
PO-2026-0000276,SUP_00016,DC_SEV,2026-05-09,2026-05-13,2026-05-13,received,DAP,30D,EUR,193.85,40.71,234.56
PO-2026-0000277,SUP_00016,DC_BCN,2026-05-10,2026-05-15,2026-05-15,received,DAP,30D,EUR,1316.85,248.95,1565.8
PO-2026-0000278,SUP_00016,DC_BCN,2026-05-11,2026-05-16,2026-05-16,received,DAP,30D,EUR,1156.04,242.77,1398.81
PO-2026-0000279,SUP_00016,DC_VLC,2026-05-11,2026-05-16,2026-05-16,received,DAP,30D,EUR,787.68,165.41,953.09
PO-2026-0000280,SUP_00016,DC_BCN,2026-05-12,2026-05-16,2026-05-16,received,DAP,30D,EUR,532.27,74.49,606.76
PO-2026-0000281,SUP_00016,DC_ZGZ,2026-05-14,2026-05-18,2026-05-18,received,DAP,30D,EUR,207.05,43.48,250.53
PO-2026-0000282,SUP_00016,DC_BCN,2026-05-14,2026-05-20,2026-05-20,received,DAP,30D,EUR,496.63,104.29,600.92
PO-2026-0000283,SUP_00016,DC_MAD,2026-05-14,2026-05-18,2026-05-18,received,DAP,30D,EUR,454.41,95.43,549.84
PO-2026-0000284,SUP_00016,DC_ZGZ,2026-05-15,2026-05-21,2026-05-21,received,DAP,30D,EUR,170.01,35.7,205.71
PO-2026-0000285,SUP_00016,DC_BCN,2026-05-16,2026-05-21,2026-05-21,received,DAP,30D,EUR,223.35,8.93,232.28
PO-2026-0000286,SUP_00016,DC_BCN,2026-05-18,2026-05-23,2026-05-23,received,DAP,30D,EUR,187.11,39.29,226.4
PO-2026-0000287,SUP_00016,DC_SEV,2026-05-18,2026-05-24,2026-05-24,received,DAP,30D,EUR,3533.03,741.94,4274.97
PO-2026-0000288,SUP_00016,DC_ZGZ,2026-05-18,2026-05-23,2026-05-23,received,DAP,30D,EUR,1007.07,211.48,1218.55
PO-2026-0000289,SUP_00016,DC_BCN,2026-05-20,2026-05-24,2026-05-24,received,DAP,30D,EUR,572.29,120.18,692.47
PO-2026-0000290,SUP_00016,DC_BCN,2026-05-21,2026-05-26,2026-05-26,received,DAP,30D,EUR,3482.84,731.4,4214.24
PO-2026-0000291,SUP_00016,DC_ZGZ,2026-05-21,2026-05-26,2026-05-26,received,DAP,30D,EUR,724.57,152.16,876.73
PO-2026-0000292,SUP_00016,DC_SEV,2026-05-21,2026-05-27,2026-05-27,received,DAP,30D,EUR,1211.68,254.45,1466.13
PO-2026-0000293,SUP_00016,DC_VLC,2026-05-22,2026-05-27,2026-05-27,received,DAP,30D,EUR,1602.42,232.74,1835.16
PO-2026-0000294,SUP_00016,DC_ZGZ,2026-05-23,2026-05-28,2026-05-28,received,DAP,30D,EUR,136.64,5.47,142.11
PO-2026-0000295,SUP_00016,DC_BCN,2026-05-23,2026-05-27,2026-05-27,received,DAP,30D,EUR,817.8,171.74,989.54
PO-2026-0000296,SUP_00016,DC_SEV,2026-05-23,2026-05-28,2026-05-28,received,DAP,30D,EUR,511.4,107.39,618.79
PO-2026-0000297,SUP_00016,DC_BCN,2026-05-25,2026-05-30,2026-05-30,received,DAP,30D,EUR,1043.01,219.03,1262.04
PO-2026-0000298,SUP_00016,DC_VLC,2026-05-25,2026-05-30,2026-05-30,received,DAP,30D,EUR,539.37,113.27,652.64
PO-2026-0000299,SUP_00016,DC_BCN,2026-05-27,2026-05-31,2026-05-31,received,DAP,30D,EUR,1211.19,254.35,1465.54
PO-2026-0000300,SUP_00016,DC_SEV,2026-05-28,2026-06-03,2026-06-03,received,DAP,30D,EUR,341.58,71.73,413.31
PO-2026-0000301,SUP_00016,DC_BCN,2026-05-28,2026-06-01,2026-06-01,received,DAP,30D,EUR,252.22,52.97,305.19
PO-2026-0000302,SUP_00016,DC_SEV,2026-05-29,2026-06-03,2026-06-03,received,DAP,30D,EUR,931.54,195.62,1127.16
PO-2026-0000303,SUP_00016,DC_VLC,2026-05-29,2026-06-03,2026-06-03,received,DAP,30D,EUR,691.87,145.29,837.16
PO-2026-0000304,SUP_00016,DC_SEV,2026-05-30,2026-06-04,2026-06-04,received,DAP,30D,EUR,1201.66,252.35,1454.01
PO-2026-0000305,SUP_00016,DC_VLC,2026-05-30,2026-06-04,2026-06-04,received,DAP,30D,EUR,230.89,48.49,279.38
PO-2026-0000306,SUP_00016,DC_BCN,2026-05-30,2026-06-04,2026-06-04,received,DAP,30D,EUR,849.96,178.49,1028.45
PO-2026-0000307,SUP_00016,DC_MAD,2026-05-31,2026-06-05,2026-06-05,received,DAP,30D,EUR,3959.34,831.46,4790.8
PO-2026-0000308,SUP_00016,DC_BCN,2026-06-01,2026-06-05,2026-06-05,received,DAP,30D,EUR,388.64,81.61,470.25
PO-2026-0000309,SUP_00016,DC_ZGZ,2026-06-02,2026-06-06,2026-06-06,received,DAP,30D,EUR,296.14,11.85,307.99
PO-2026-0000310,SUP_00016,DC_BCN,2026-06-03,2026-06-08,2026-06-08,received,DAP,30D,EUR,1185.77,249.01,1434.78
PO-2026-0000311,SUP_00016,DC_MAD,2026-06-03,2026-06-08,2026-06-08,received,DAP,30D,EUR,654.6,137.47,792.07
PO-2026-0000312,SUP_00016,DC_ZGZ,2026-06-03,2026-06-08,2026-06-08,received,DAP,30D,EUR,355.96,74.75,430.71
PO-2026-0000313,SUP_00016,DC_BCN,2026-06-04,2026-06-08,2026-06-08,received,DAP,30D,EUR,449.29,94.35,543.64
PO-2026-0000314,SUP_00016,DC_SEV,2026-06-04,2026-06-10,2026-06-10,received,DAP,30D,EUR,5143.14,1050.94,6194.08
PO-2026-0000315,SUP_00016,DC_ZGZ,2026-06-04,2026-06-09,2026-06-09,received,DAP,30D,EUR,1000.92,210.19,1211.11
PO-2026-0000316,SUP_00016,DC_ZGZ,2026-06-05,2026-06-10,2026-06-10,received,DAP,30D,EUR,787.22,165.32,952.54
PO-2026-0000317,SUP_00016,DC_SEV,2026-06-05,2026-06-10,2026-06-10,received,DAP,30D,EUR,249.01,52.29,301.3
PO-2026-0000318,SUP_00016,DC_VLC,2026-06-06,2026-06-11,2026-06-11,received,DAP,30D,EUR,996.43,209.25,1205.68
PO-2026-0000319,SUP_00016,DC_BCN,2026-06-06,2026-06-12,2026-06-12,received,DAP,30D,EUR,721.87,151.59,873.46
PO-2026-0000320,SUP_00016,DC_MAD,2026-06-06,2026-06-11,2026-06-11,received,DAP,30D,EUR,178.81,37.55,216.36
PO-2026-0000321,SUP_00016,DC_BCN,2026-06-08,2026-06-12,2026-06-12,received,DAP,30D,EUR,347.69,73.01,420.7
PO-2026-0000322,SUP_00016,DC_BCN,2026-06-09,2026-06-13,2026-06-13,received,DAP,30D,EUR,194.95,40.94,235.89
PO-2026-0000323,SUP_00016,DC_MAD,2026-06-11,2026-06-17,2026-06-17,received,DAP,30D,EUR,1842.26,386.87,2229.13
PO-2026-0000324,SUP_00016,DC_BCN,2026-06-11,2026-06-17,2026-06-17,received,DAP,30D,EUR,677.32,142.24,819.56
PO-2026-0000325,SUP_00016,DC_ZGZ,2026-06-11,2026-06-17,2026-06-17,received,DAP,30D,EUR,1830.67,384.44,2215.11
PO-2026-0000326,SUP_00016,DC_VLC,2026-06-11,2026-06-17,2026-06-17,received,DAP,30D,EUR,2270.58,476.82,2747.4
PO-2026-0000327,SUP_00016,DC_MAD,2026-06-12,2026-06-16,2026-06-16,received,DAP,30D,EUR,2036.11,427.58,2463.69
PO-2026-0000328,SUP_00016,DC_BCN,2026-06-12,2026-06-16,2026-06-16,received,DAP,30D,EUR,1139.66,239.33,1378.99
PO-2026-0000329,SUP_00016,DC_ZGZ,2026-06-13,2026-06-17,2026-06-17,received,DAP,30D,EUR,296.5,62.27,358.77
PO-2026-0000330,SUP_00016,DC_SEV,2026-06-14,2026-06-20,,open,DAP,30D,EUR,457.22,96.02,553.24
PO-2026-0000331,SUP_00016,DC_ZGZ,2026-06-17,2026-06-23,,open,DAP,30D,EUR,191.92,40.3,232.22
PO-2026-0000332,SUP_00016,DC_VLC,2026-06-19,2026-06-25,,open,DAP,30D,EUR,444.34,93.31,537.65
