po_id,line_number,product_id,quantity_ordered,unit_cost,tax_rate,line_total_net
PO-2024-0000001,1,PROD_001488,217,0.6814,0.1,147.86
PO-2024-0000002,1,PROD_000683,200,1.7591,0.04,351.82
PO-2024-0000003,1,PROD_002976,519,2.1317,0.1,1106.35
PO-2024-0000004,1,PROD_003628,255,1.1356,0.21,289.58
PO-2024-0000005,1,PROD_001063,183,3.475,0.1,635.93
PO-2024-0000006,1,PROD_002223,396,1.5292,0.04,605.56
PO-2024-0000007,1,PROD_001697,293,3.6859,0.1,1079.97
PO-2024-0000008,1,PROD_002258,251,0.7651,0.21,192.04
PO-2024-0000009,1,PROD_001810,163,1.4116,0.04,230.09
PO-2024-0000010,1,PROD_000996,188,0.4054,0.1,76.22
PO-2024-0000010,2,PROD_000151,373,0.6734,0.1,251.18
PO-2024-0000010,3,PROD_003064,347,0.9123,0.21,316.57
PO-2024-0000011,1,PROD_001413,169,4.7367,0.04,800.5
PO-2024-0000012,1,PROD_003086,207,2.7853,0.1,576.56
PO-2024-0000012,2,PROD_002020,142,1.0338,0.1,146.8
PO-2024-0000012,3,PROD_002911,170,2.4619,0.1,418.52
PO-2024-0000013,1,PROD_001902,134,1.7181,0.1,230.23
PO-2024-0000013,2,PROD_001105,276,1.1292,0.1,311.66
PO-2024-0000013,3,PROD_001633,334,1.2853,0.1,429.29
PO-2024-0000014,1,PROD_000367,365,2.1522,0.1,785.55
PO-2024-0000014,2,PROD_001987,250,4.979,0.1,1244.75
PO-2024-0000014,3,PROD_001487,163,2.643,0.1,430.81
PO-2024-0000015,1,PROD_002872,236,0.5494,0.21,129.66
PO-2024-0000015,2,PROD_003025,303,2.0886,0.21,632.85
PO-2024-0000015,3,PROD_003013,308,0.3779,0.21,116.39
PO-2024-0000015,4,PROD_002749,282,2.0201,0.21,569.67
PO-2024-0000015,5,PROD_002806,145,1.3527,0.21,196.14
PO-2024-0000016,1,PROD_003684,238,3.0381,0.04,723.07
PO-2024-0000016,2,PROD_002041,395,0.5819,0.04,229.85
PO-2024-0000017,1,PROD_003284,278,0.6682,0.21,185.76
PO-2024-0000018,1,PROD_000945,262,1.8632,0.04,488.16
PO-2024-0000019,1,PROD_001785,168,0.6563,0.04,110.26
PO-2024-0000020,1,PROD_002410,159,1.3584,0.1,215.99
PO-2024-0000021,1,PROD_001163,155,0.7394,0.21,114.61
PO-2024-0000022,1,PROD_000614,201,2.0703,0.04,416.13
PO-2024-0000023,1,PROD_002370,604,2.0528,0.04,1239.89
PO-2024-0000024,1,PROD_001666,198,2.0472,0.1,405.35
PO-2024-0000024,2,PROD_001613,213,1.9049,0.1,405.74
PO-2024-0000025,1,PROD_000953,458,1.6887,0.04,773.42
PO-2024-0000026,1,PROD_000538,288,2.0386,0.1,587.12
PO-2024-0000027,1,PROD_000640,145,1.8014,0.04,261.2
PO-2024-0000028,1,PROD_002395,186,1.0516,0.1,195.6
PO-2024-0000028,2,PROD_000377,204,1.24,0.1,252.96
PO-2024-0000029,1,PROD_000925,328,1.3941,0.04,457.26
PO-2024-0000030,1,PROD_002626,361,0.5049,0.21,182.27
PO-2024-0000031,1,PROD_003117,466,0.5383,0.21,250.85
PO-2024-0000031,2,PROD_001044,527,0.9634,0.1,507.71
PO-2024-0000032,1,PROD_002445,302,0.8589,0.04,259.39
PO-2024-0000033,1,PROD_003445,228,0.9898,0.21,225.67
PO-2024-0000034,1,PROD_002565,261,1.0263,0.1,267.86
PO-2024-0000035,1,PROD_001771,530,1.1132,0.04,590.0
PO-2024-0000036,1,PROD_002367,179,0.6527,0.1,116.83
PO-2024-0000037,1,PROD_002962,347,1.8254,0.21,633.41
PO-2024-0000038,1,PROD_003663,255,1.6637,0.1,424.24
PO-2024-0000039,1,PROD_002405,479,1.798,0.1,861.24
PO-2024-0000040,1,PROD_002592,425,6.4267,0.1,2731.35
PO-2024-0000041,1,PROD_002305,346,2.9614,0.1,1024.64
PO-2024-0000042,1,PROD_000089,493,0.4459,0.21,219.83
PO-2024-0000043,1,PROD_001747,174,0.6474,0.21,112.65
PO-2024-0000044,1,PROD_000870,188,2.3421,0.1,440.31
PO-2024-0000045,1,PROD_002085,119,0.7469,0.1,88.88
PO-2024-0000045,2,PROD_002234,177,1.2118,0.1,214.49
PO-2024-0000045,3,PROD_000323,222,1.0619,0.1,235.74
PO-2024-0000046,1,PROD_002036,224,3.5362,0.1,792.11
PO-2024-0000047,1,PROD_003550,286,0.5411,0.21,154.75
PO-2024-0000048,1,PROD_003103,315,2.0453,0.21,644.27
PO-2024-0000049,1,PROD_000168,271,2.1721,0.04,588.64
PO-2024-0000050,1,PROD_003047,262,1.2128,0.21,317.75
PO-2024-0000051,1,PROD_002334,399,0.6907,0.04,275.59
PO-2024-0000052,1,PROD_000011,208,3.2977,0.21,685.92
PO-2024-0000053,1,PROD_001748,208,0.9543,0.1,198.49
PO-2024-0000054,1,PROD_001594,214,0.7965,0.21,170.45
PO-2024-0000054,2,PROD_001221,283,2.601,0.21,736.08
PO-2024-0000055,1,PROD_001929,315,1.1482,0.04,361.68
PO-2024-0000056,1,PROD_001274,242,7.8875,0.1,1908.78
PO-2024-0000057,1,PROD_000936,388,1.3318,0.04,516.74
PO-2024-0000058,1,PROD_000523,166,2.4399,0.1,405.02
PO-2024-0000059,1,PROD_002658,353,1.6236,0.1,573.13
PO-2024-0000060,1,PROD_001844,398,0.9924,0.1,394.98
PO-2024-0000061,1,PROD_000293,295,1.2903,0.04,380.64
PO-2024-0000062,1,PROD_003301,381,0.8465,0.21,322.52
PO-2024-0000063,1,PROD_000164,510,2.4097,0.1,1228.95
PO-2024-0000064,1,PROD_000228,362,0.2762,0.1,99.98
PO-2024-0000064,2,PROD_001069,261,1.1052,0.1,288.46
PO-2024-0000065,1,PROD_002450,533,3.938,0.1,2098.95
PO-2024-0000066,1,PROD_000686,320,0.8286,0.1,265.15
PO-2024-0000067,1,PROD_000203,229,4.5384,0.04,1039.29
PO-2024-0000068,1,PROD_003029,386,1.3319,0.21,514.11
PO-2024-0000069,1,PROD_002216,181,3.2294,0.1,584.52
PO-2024-0000070,1,PROD_002462,576,4.0893,0.1,2355.44
PO-2024-0000071,1,PROD_003307,262,0.6029,0.21,157.96
PO-2024-0000072,1,PROD_003669,427,1.2678,0.04,541.35
PO-2024-0000073,1,PROD_003466,182,2.3557,0.21,428.74
PO-2024-0000074,1,PROD_002824,304,1.8678,0.21,567.81
PO-2024-0000075,1,PROD_001923,205,4.6662,0.1,956.57
PO-2024-0000076,1,PROD_002830,237,1.8641,0.21,441.79
PO-2024-0000076,2,PROD_002792,220,0.7437,0.21,163.61
PO-2024-0000077,1,PROD_002539,189,1.4272,0.04,269.74
PO-2024-0000078,1,PROD_002288,355,2.5859,0.04,917.99
PO-2024-0000079,1,PROD_001297,177,1.021,0.04,180.72
PO-2024-0000079,2,PROD_001996,176,1.5298,0.04,269.24
PO-2024-0000080,1,PROD_003199,263,4.3299,0.1,1138.76
PO-2024-0000080,2,PROD_002062,162,0.5914,0.1,95.81
PO-2024-0000081,1,PROD_001889,350,2.6775,0.1,937.13
PO-2024-0000081,2,PROD_001954,285,3.3544,0.1,956.0
PO-2024-0000082,1,PROD_002228,306,0.9905,0.1,303.09
PO-2024-0000083,1,PROD_003370,124,0.9221,0.21,114.34
PO-2024-0000084,1,PROD_003215,413,1.6479,0.21,680.58
PO-2024-0000085,1,PROD_002581,466,0.9894,0.1,461.06
PO-2024-0000086,1,PROD_001382,283,0.76,0.1,215.08
PO-2024-0000087,1,PROD_001123,234,0.6375,0.21,149.17
PO-2024-0000088,1,PROD_001973,212,1.9833,0.1,420.46
PO-2024-0000089,1,PROD_003497,359,1.0003,0.21,359.11
PO-2024-0000090,1,PROD_002403,144,1.402,0.1,201.89
PO-2024-0000090,2,PROD_003148,220,2.0888,0.21,459.54
PO-2024-0000091,1,PROD_000182,210,5.8602,0.04,1230.64
PO-2024-0000091,2,PROD_001530,107,0.9175,0.21,98.17
PO-2024-0000092,1,PROD_003299,213,1.013,0.21,215.77
PO-2024-0000093,1,PROD_003243,289,2.0143,0.21,582.13
PO-2024-0000094,1,PROD_000001,453,1.0281,0.21,465.73
PO-2024-0000094,2,PROD_000649,276,0.6727,0.1,185.67
PO-2024-0000095,1,PROD_002493,347,1.0545,0.04,365.91
PO-2024-0000096,1,PROD_001040,343,0.8856,0.1,303.76
PO-2024-0000096,2,PROD_003594,266,4.4037,0.1,1171.38
PO-2024-0000097,1,PROD_000692,267,2.134,0.1,569.78
PO-2024-0000098,1,PROD_002237,464,0.6365,0.1,295.34
PO-2024-0000099,1,PROD_000955,505,1.1693,0.04,590.5
PO-2024-0000100,1,PROD_003511,355,0.6213,0.21,220.56
PO-2024-0000101,1,PROD_000111,126,1.3797,0.04,173.84
PO-2024-0000102,1,PROD_002127,378,1.401,0.1,529.58
PO-2024-0000103,1,PROD_000360,370,4.8635,0.04,1799.5
PO-2024-0000103,2,PROD_001120,254,1.9906,0.21,505.61
PO-2024-0000104,1,PROD_002126,376,2.7119,0.1,1019.67
PO-2024-0000104,2,PROD_003637,224,1.9816,0.1,443.88
PO-2024-0000104,3,PROD_002535,499,2.2198,0.1,1107.68
PO-2024-0000105,1,PROD_002723,386,2.1949,0.1,847.23
PO-2024-0000106,1,PROD_001064,563,0.2472,0.21,139.17
PO-2024-0000107,1,PROD_003648,242,0.6347,0.1,153.6
PO-2024-0000108,1,PROD_000694,206,1.4729,0.1,303.42
PO-2024-0000109,1,PROD_001101,260,1.1044,0.04,287.14
PO-2024-0000109,2,PROD_002277,224,1.6141,0.04,361.56
PO-2024-0000110,1,PROD_001394,164,1.9798,0.1,324.69
PO-2024-0000111,1,PROD_002186,227,0.6092,0.04,138.29
PO-2024-0000112,1,PROD_000111,206,1.4716,0.04,303.15
PO-2024-0000113,1,PROD_003503,258,0.7499,0.21,193.47
PO-2024-0000114,1,PROD_001985,134,1.3949,0.1,186.92
PO-2024-0000114,2,PROD_002605,148,1.4543,0.1,215.24
PO-2024-0000114,3,PROD_002211,347,3.5046,0.1,1216.1
PO-2024-0000114,4,PROD_002608,134,2.1157,0.1,283.5
PO-2024-0000115,1,PROD_003151,348,1.9539,0.21,679.96
PO-2024-0000115,2,PROD_000051,199,0.5975,0.21,118.9
PO-2024-0000116,1,PROD_002030,152,1.0423,0.04,158.43
PO-2024-0000117,1,PROD_001706,241,4.4081,0.1,1062.35
PO-2024-0000118,1,PROD_002617,130,1.3629,0.21,177.18
PO-2024-0000118,2,PROD_003210,245,0.866,0.21,212.17
PO-2024-0000118,3,PROD_003208,254,2.6153,0.21,664.29
PO-2024-0000119,1,PROD_002025,284,1.235,0.1,350.74
PO-2024-0000119,2,PROD_001921,238,3.2118,0.1,764.41
PO-2024-0000120,1,PROD_000395,175,0.7113,0.21,124.48
PO-2024-0000121,1,PROD_003376,440,2.3225,0.21,1021.9
PO-2024-0000121,2,PROD_003413,195,1.3947,0.21,271.97
PO-2024-0000122,1,PROD_001524,259,1.8592,0.1,481.53
PO-2024-0000122,2,PROD_001465,242,0.8025,0.1,194.2
PO-2024-0000123,1,PROD_002601,186,0.8953,0.04,166.53
PO-2024-0000124,1,PROD_003083,232,0.8218,0.21,190.66
PO-2024-0000125,1,PROD_003501,355,1.0157,0.21,360.57
PO-2024-0000126,1,PROD_003625,262,0.6889,0.1,180.49
PO-2024-0000127,1,PROD_000065,361,1.1211,0.21,404.72
PO-2024-0000127,2,PROD_002936,234,2.1288,0.21,498.14
PO-2024-0000128,1,PROD_000088,227,0.7419,0.21,168.41
PO-2024-0000129,1,PROD_001514,371,6.4507,0.1,2393.21
PO-2024-0000130,1,PROD_002477,262,8.6156,0.04,2257.29
PO-2024-0000131,1,PROD_002402,343,1.3328,0.04,457.15
PO-2024-0000132,1,PROD_000536,324,7.3176,0.1,2370.9
PO-2024-0000133,1,PROD_000526,367,0.5188,0.04,190.4
PO-2024-0000134,1,PROD_000433,327,0.7295,0.1,238.55
PO-2024-0000134,2,PROD_001110,510,1.0632,0.1,542.23
PO-2024-0000135,1,PROD_001707,205,0.4052,0.1,83.07
PO-2024-0000135,2,PROD_001052,203,1.7784,0.1,361.02
PO-2024-0000136,1,PROD_002197,196,2.9013,0.1,568.65
PO-2024-0000137,1,PROD_000938,209,2.0896,0.1,436.73
PO-2024-0000137,2,PROD_000829,407,1.0723,0.1,436.43
PO-2024-0000138,1,PROD_003423,367,0.816,0.21,299.47
PO-2024-0000139,1,PROD_000683,287,1.5717,0.04,451.08
PO-2024-0000140,1,PROD_002607,220,2.567,0.1,564.74
PO-2024-0000141,1,PROD_003348,256,0.8957,0.21,229.3
PO-2024-0000142,1,PROD_000590,255,1.0091,0.1,257.32
PO-2024-0000143,1,PROD_003223,443,2.932,0.21,1298.88
PO-2024-0000144,1,PROD_003368,354,1.1599,0.21,410.6
PO-2024-0000145,1,PROD_002587,378,3.4,0.1,1285.2
PO-2024-0000146,1,PROD_001771,629,1.2587,0.04,791.72
PO-2024-0000147,1,PROD_001636,189,1.3836,0.04,261.5
PO-2024-0000148,1,PROD_002873,160,0.3744,0.21,59.9
PO-2024-0000149,1,PROD_003527,270,1.206,0.21,325.62
PO-2024-0000150,1,PROD_001396,202,2.3572,0.1,476.15
PO-2024-0000151,1,PROD_003699,306,3.6948,0.04,1130.61
PO-2024-0000151,2,PROD_000378,258,2.1154,0.21,545.77
PO-2024-0000152,1,PROD_002420,268,6.6699,0.1,1787.53
PO-2024-0000152,2,PROD_001907,172,0.7104,0.1,122.19
PO-2024-0000153,1,PROD_000091,537,1.691,0.21,908.07
PO-2024-0000154,1,PROD_001325,159,4.7197,0.1,750.43
PO-2024-0000154,2,PROD_000439,292,5.3472,0.1,1561.38
PO-2024-0000155,1,PROD_000301,165,1.5203,0.04,250.85
PO-2024-0000155,2,PROD_002582,175,0.8733,0.04,152.83
PO-2024-0000155,3,PROD_002413,373,1.715,0.04,639.7
PO-2024-0000156,1,PROD_003065,141,1.6801,0.21,236.89
PO-2024-0000157,1,PROD_000522,194,2.1671,0.1,420.42
PO-2024-0000158,1,PROD_000124,268,3.2837,0.04,880.03
PO-2024-0000159,1,PROD_001217,114,1.769,0.1,201.67
PO-2024-0000160,1,PROD_001961,191,1.0247,0.04,195.72
PO-2024-0000160,2,PROD_000877,136,0.6364,0.04,86.55
PO-2024-0000161,1,PROD_003439,343,0.7114,0.21,244.01
PO-2024-0000162,1,PROD_001839,215,0.7255,0.1,155.98
PO-2024-0000163,1,PROD_002006,266,1.1052,0.04,293.98
PO-2024-0000164,1,PROD_000609,277,3.3975,0.21,941.11
PO-2024-0000165,1,PROD_000848,472,0.6108,0.1,288.3
PO-2024-0000166,1,PROD_001368,241,1.5344,0.04,369.79
PO-2024-0000166,2,PROD_000404,294,1.3361,0.04,392.81
PO-2024-0000167,1,PROD_002988,243,5.7308,0.21,1392.58
PO-2024-0000167,2,PROD_001126,281,0.9566,0.1,268.8
PO-2024-0000168,1,PROD_000378,350,1.8388,0.21,643.58
PO-2024-0000168,2,PROD_000316,444,1.0308,0.04,457.68
PO-2024-0000169,1,PROD_001914,363,4.4152,0.1,1602.72
PO-2024-0000169,2,PROD_001823,454,1.8413,0.1,835.95
PO-2024-0000169,3,PROD_000578,291,2.2322,0.1,649.57
PO-2024-0000170,1,PROD_001073,248,1.1287,0.04,279.92
PO-2024-0000171,1,PROD_000081,209,1.5658,0.21,327.25
PO-2024-0000172,1,PROD_000419,264,1.1434,0.1,301.86
PO-2024-0000173,1,PROD_001351,386,0.8186,0.04,315.98
PO-2024-0000174,1,PROD_000818,330,1.2905,0.1,425.87
PO-2024-0000175,1,PROD_001690,216,0.9809,0.21,211.87
PO-2024-0000176,1,PROD_003624,423,1.4971,0.1,633.27
PO-2024-0000177,1,PROD_002201,261,1.3883,0.1,362.35
PO-2024-0000178,1,PROD_000551,397,1.4085,0.1,559.17
PO-2024-0000178,2,PROD_002011,548,3.5986,0.1,1972.03
PO-2024-0000178,3,PROD_002464,252,4.9519,0.1,1247.88
PO-2024-0000179,1,PROD_000298,324,1.2007,0.1,389.03
PO-2024-0000179,2,PROD_001183,523,0.8473,0.1,443.14
PO-2024-0000180,1,PROD_001395,239,1.3571,0.1,324.35
PO-2024-0000181,1,PROD_002453,209,2.4277,0.04,507.39
PO-2024-0000182,1,PROD_000507,236,9.0054,0.1,2125.27
PO-2024-0000183,1,PROD_000769,175,0.9121,0.1,159.62
PO-2024-0000183,2,PROD_002999,195,0.6857,0.1,133.71
PO-2024-0000184,1,PROD_000062,130,2.1617,0.21,281.02
PO-2024-0000185,1,PROD_003640,208,0.8294,0.1,172.52
PO-2024-0000186,1,PROD_000541,446,4.327,0.04,1929.84
PO-2024-0000187,1,PROD_001745,284,1.1573,0.1,328.67
PO-2024-0000187,2,PROD_002717,299,0.8695,0.21,259.98
PO-2024-0000188,1,PROD_002557,568,1.9413,0.1,1102.66
PO-2024-0000189,1,PROD_000879,277,0.9472,0.04,262.37
PO-2024-0000190,1,PROD_000966,266,1.0169,0.04,270.5
PO-2024-0000191,1,PROD_002054,281,0.9117,0.04,256.19
PO-2024-0000192,1,PROD_003533,511,1.5129,0.21,773.09
PO-2024-0000193,1,PROD_000873,267,3.166,0.04,845.32
PO-2024-0000194,1,PROD_003017,218,0.5211,0.21,113.6
PO-2024-0000195,1,PROD_003630,266,0.9559,0.1,254.27
PO-2024-0000196,1,PROD_003205,398,2.1219,0.21,844.52
PO-2024-0000197,1,PROD_001796,270,1.5511,0.1,418.8
PO-2024-0000198,1,PROD_001923,298,4.6176,0.1,1376.04
PO-2024-0000199,1,PROD_002965,377,1.922,0.21,724.59
PO-2024-0000200,1,PROD_001095,239,1.0296,0.21,246.07
PO-2024-0000200,2,PROD_001525,223,5.6862,0.21,1268.02
PO-2024-0000200,3,PROD_001466,109,0.9517,0.21,103.74
PO-2024-0000200,4,PROD_000254,206,0.5265,0.21,108.46
PO-2024-0000200,5,PROD_001772,141,1.6358,0.21,230.65
PO-2024-0000201,1,PROD_003082,223,1.9736,0.21,440.11
PO-2024-0000201,2,PROD_003018,195,1.9823,0.21,386.55
PO-2024-0000202,1,PROD_002625,360,1.9587,0.21,705.13
PO-2024-0000203,1,PROD_003538,323,14.7594,0.21,4767.29
PO-2024-0000204,1,PROD_002534,503,1.3162,0.21,662.05
PO-2024-0000205,1,PROD_000578,194,2.5837,0.1,501.24
PO-2024-0000206,1,PROD_000096,190,1.3368,0.21,253.99
PO-2024-0000207,1,PROD_000651,366,2.1758,0.1,796.34
PO-2024-0000208,1,PROD_003528,299,2.5244,0.21,754.8
PO-2024-0000209,1,PROD_002380,208,1.2013,0.1,249.87
PO-2024-0000210,1,PROD_003716,205,1.5679,0.21,321.42
PO-2024-0000210,2,PROD_003410,223,0.7022,0.21,156.59
PO-2024-0000211,1,PROD_001330,323,1.5546,0.1,502.14
PO-2024-0000212,1,PROD_001418,214,9.8599,0.04,2110.02
PO-2024-0000213,1,PROD_001128,474,1.9009,0.04,901.03
PO-2024-0000213,2,PROD_000148,349,1.0315,0.04,359.99
PO-2024-0000214,1,PROD_003667,444,2.2129,0.1,982.53
PO-2024-0000215,1,PROD_000691,232,1.1488,0.1,266.52
PO-2024-0000216,1,PROD_000681,308,1.5302,0.1,471.3
PO-2024-0000217,1,PROD_003107,296,1.9158,0.21,567.08
PO-2024-0000218,1,PROD_001491,276,0.6889,0.21,190.14
PO-2024-0000219,1,PROD_002856,189,0.8369,0.21,158.17
PO-2024-0000220,1,PROD_002980,525,0.9518,0.21,499.69
PO-2024-0000221,1,PROD_002935,141,0.8438,0.1,118.98
PO-2024-0000222,1,PROD_001442,292,0.7097,0.1,207.23
PO-2024-0000223,1,PROD_003589,507,2.5219,0.1,1278.6
PO-2024-0000223,2,PROD_001141,281,1.7604,0.1,494.67
PO-2024-0000224,1,PROD_001282,178,2.6575,0.21,473.04
PO-2024-0000224,2,PROD_001190,181,1.0891,0.04,197.13
PO-2024-0000224,3,PROD_000479,223,3.0935,0.04,689.85
PO-2024-0000224,4,PROD_002301,142,0.991,0.04,140.72
PO-2024-0000224,5,PROD_001565,155,0.3192,0.21,49.48
PO-2024-0000225,1,PROD_002206,308,0.6312,0.1,194.41
PO-2024-0000225,2,PROD_003611,254,3.8875,0.1,987.43
PO-2024-0000226,1,PROD_002636,325,1.2119,0.21,393.87
PO-2024-0000227,1,PROD_000087,149,0.9859,0.21,146.9
PO-2024-0000227,2,PROD_003467,243,0.8952,0.21,217.53
PO-2024-0000227,3,PROD_000776,362,0.523,0.21,189.33
PO-2024-0000228,1,PROD_001000,663,3.1777,0.04,2106.82
PO-2024-0000229,1,PROD_003087,366,1.9726,0.21,721.97
PO-2024-0000230,1,PROD_001855,281,2.0265,0.1,569.45
PO-2024-0000230,2,PROD_000319,342,1.532,0.1,523.94
PO-2024-0000231,1,PROD_000940,220,0.8101,0.04,178.22
PO-2024-0000232,1,PROD_002306,441,1.5432,0.1,680.55
PO-2024-0000233,1,PROD_001029,287,0.732,0.04,210.08
PO-2024-0000234,1,PROD_001759,339,1.1687,0.1,396.19
PO-2024-0000235,1,PROD_002884,188,1.6271,0.1,305.89
PO-2024-0000236,1,PROD_001383,251,3.0715,0.1,770.95
PO-2024-0000237,1,PROD_003094,224,6.2265,0.21,1394.74
PO-2024-0000237,2,PROD_000011,350,3.0463,0.21,1066.2
PO-2024-0000237,3,PROD_003089,390,1.2119,0.21,472.64
PO-2024-0000238,1,PROD_003226,655,3.486,0.21,2283.33
PO-2024-0000239,1,PROD_003295,292,0.8173,0.21,238.65
PO-2024-0000240,1,PROD_002787,360,0.9034,0.21,325.22
PO-2024-0000241,1,PROD_003034,481,1.7742,0.21,853.39
PO-2024-0000242,1,PROD_001266,382,5.9801,0.1,2284.4
PO-2024-0000243,1,PROD_002520,109,1.371,0.21,149.44
PO-2024-0000244,1,PROD_001118,327,1.6624,0.1,543.6
PO-2024-0000245,1,PROD_001133,344,1.1701,0.21,402.51
PO-2024-0000246,1,PROD_001414,373,1.6542,0.1,617.02
PO-2024-0000246,2,PROD_002299,112,1.3948,0.1,156.22
PO-2024-0000247,1,PROD_001865,216,4.9176,0.1,1062.2
PO-2024-0000247,2,PROD_001219,445,2.0113,0.1,895.03
PO-2024-0000248,1,PROD_003351,377,0.8984,0.21,338.7
PO-2024-0000249,1,PROD_002164,307,0.5195,0.1,159.49
PO-2024-0000250,1,PROD_000270,495,1.3408,0.1,663.7
PO-2024-0000250,2,PROD_001287,551,1.4369,0.1,791.73
PO-2024-0000251,1,PROD_003489,575,0.9464,0.21,544.18
PO-2024-0000252,1,PROD_002312,257,1.3696,0.1,351.99
PO-2024-0000252,2,PROD_000595,625,2.1697,0.1,1356.06
PO-2024-0000253,1,PROD_001254,299,2.2802,0.04,681.78
PO-2024-0000253,2,PROD_002445,341,0.7748,0.04,264.21
PO-2024-0000254,1,PROD_003281,202,0.5866,0.21,118.49
PO-2024-0000254,2,PROD_003447,270,0.8836,0.21,238.57
PO-2024-0000255,1,PROD_002728,306,1.7825,0.21,545.44
PO-2024-0000255,2,PROD_000416,296,1.1038,0.1,326.72
PO-2024-0000256,1,PROD_003521,342,2.4428,0.21,835.44
PO-2024-0000257,1,PROD_000180,340,3.701,0.04,1258.34
PO-2024-0000258,1,PROD_003132,205,0.7239,0.21,148.4
PO-2024-0000259,1,PROD_003630,326,0.8502,0.1,277.17
PO-2024-0000260,1,PROD_001695,229,2.6571,0.1,608.48
PO-2024-0000261,1,PROD_003292,175,0.5796,0.21,101.43
PO-2024-0000262,1,PROD_003491,247,0.8202,0.21,202.59
PO-2024-0000263,1,PROD_001820,338,1.5963,0.1,539.55
PO-2024-0000264,1,PROD_000450,295,2.0801,0.1,613.63
PO-2024-0000265,1,PROD_002140,232,0.253,0.21,58.7
PO-2024-0000266,1,PROD_000662,157,2.1528,0.04,337.99
PO-2024-0000267,1,PROD_002144,108,1.3028,0.04,140.7
PO-2024-0000267,2,PROD_000425,276,0.9388,0.04,259.11
PO-2024-0000268,1,PROD_001055,179,1.0404,0.1,186.23
PO-2024-0000269,1,PROD_003012,138,0.6052,0.21,83.52
PO-2024-0000270,1,PROD_000229,264,2.0365,0.1,537.64
PO-2024-0000271,1,PROD_002331,364,1.644,0.04,598.42
PO-2024-0000272,1,PROD_002086,207,1.7022,0.1,352.36
PO-2024-0000273,1,PROD_003496,422,1.1623,0.21,490.49
PO-2024-0000274,1,PROD_001666,318,1.8599,0.1,591.45
PO-2024-0000274,2,PROD_001784,207,0.997,0.1,206.38
PO-2024-0000275,1,PROD_001482,276,1.1129,0.1,307.16
PO-2024-0000276,1,PROD_002779,213,3.5126,0.21,748.18
PO-2024-0000277,1,PROD_000058,264,2.5613,0.21,676.18
PO-2024-0000278,1,PROD_000171,549,0.8985,0.21,493.28
PO-2024-0000278,2,PROD_002284,310,1.799,0.21,557.69
PO-2024-0000279,1,PROD_001698,266,0.6687,0.1,177.87
PO-2024-0000280,1,PROD_000664,280,2.173,0.1,608.44
PO-2024-0000281,1,PROD_002750,265,2.5285,0.1,670.05
PO-2024-0000282,1,PROD_001924,350,0.3146,0.21,110.11
PO-2024-0000283,1,PROD_003652,456,1.1643,0.1,530.92
PO-2024-0000284,1,PROD_003518,173,0.8845,0.21,153.02
PO-2024-0000285,1,PROD_003680,328,0.9157,0.04,300.35
PO-2024-0000286,1,PROD_002561,393,0.9302,0.1,365.57
PO-2024-0000287,1,PROD_002098,335,6.1503,0.1,2060.35
PO-2024-0000287,2,PROD_000373,313,1.7188,0.1,537.98
PO-2024-0000288,1,PROD_002899,264,1.0224,0.21,269.91
PO-2024-0000289,1,PROD_003023,278,0.8549,0.21,237.66
PO-2024-0000290,1,PROD_000775,208,1.0239,0.21,212.97
PO-2024-0000291,1,PROD_001909,171,2.323,0.1,397.23
PO-2024-0000291,2,PROD_002882,140,0.9538,0.1,133.53
PO-2024-0000292,1,PROD_001024,210,0.7268,0.04,152.63
PO-2024-0000293,1,PROD_001985,249,1.3231,0.1,329.45
PO-2024-0000294,1,PROD_003601,287,8.4481,0.1,2424.6
PO-2024-0000295,1,PROD_002958,415,0.7567,0.21,314.03
PO-2024-0000296,1,PROD_002524,143,1.0164,0.04,145.35
PO-2024-0000296,2,PROD_000810,311,1.2881,0.04,400.6
PO-2024-0000296,3,PROD_001851,106,1.8048,0.21,191.31
PO-2024-0000296,4,PROD_002071,184,1.3031,0.21,239.77
PO-2024-0000297,1,PROD_001108,167,1.51,0.1,252.17
PO-2024-0000297,2,PROD_002563,309,0.8413,0.1,259.96
PO-2024-0000297,3,PROD_000797,347,1.1322,0.1,392.87
PO-2024-0000297,4,PROD_003120,169,1.2844,0.21,217.06
PO-2024-0000297,5,PROD_002734,178,0.6311,0.21,112.34
PO-2024-0000298,1,PROD_001467,123,1.0265,0.1,126.26
PO-2024-0000299,1,PROD_002977,280,1.2848,0.21,359.74
PO-2024-0000300,1,PROD_000214,202,2.2148,0.21,447.39
PO-2024-0000301,1,PROD_003049,327,1.128,0.21,368.86
PO-2024-0000302,1,PROD_000544,145,1.0954,0.04,158.83
PO-2024-0000303,1,PROD_003128,163,1.0111,0.21,164.81
PO-2024-0000304,1,PROD_001646,208,3.1767,0.1,660.75
PO-2024-0000305,1,PROD_001852,378,4.8981,0.04,1851.48
PO-2024-0000305,2,PROD_000359,396,3.9634,0.04,1569.51
PO-2024-0000305,3,PROD_001243,499,1.7598,0.21,878.14
PO-2024-0000305,4,PROD_001354,177,0.2982,0.21,52.78
PO-2024-0000306,1,PROD_002162,224,2.1665,0.1,485.3
PO-2024-0000307,1,PROD_002774,588,0.9117,0.21,536.08
PO-2024-0000308,1,PROD_000222,456,0.5742,0.04,261.84
PO-2024-0000308,2,PROD_001990,392,1.2361,0.04,484.55
PO-2024-0000309,1,PROD_000503,346,2.9643,0.21,1025.65
PO-2024-0000310,1,PROD_002668,391,0.8493,0.21,332.08
PO-2024-0000311,1,PROD_001470,274,2.3178,0.04,635.08
PO-2024-0000312,1,PROD_002636,268,1.0264,0.21,275.08
PO-2024-0000313,1,PROD_000697,319,1.7341,0.1,553.18
PO-2024-0000314,1,PROD_000218,237,0.8122,0.04,192.49
PO-2024-0000315,1,PROD_003421,321,1.605,0.21,515.21
PO-2024-0000316,1,PROD_001592,335,5.1837,0.04,1736.54
PO-2024-0000317,1,PROD_003207,208,1.3453,0.21,279.82
PO-2024-0000318,1,PROD_002965,295,2.183,0.21,643.98
PO-2024-0000319,1,PROD_000159,433,1.2516,0.04,541.94
PO-2024-0000320,1,PROD_000483,193,2.1032,0.1,405.92
PO-2024-0000321,1,PROD_002886,192,0.5502,0.21,105.64
PO-2024-0000322,1,PROD_000261,112,0.6468,0.21,72.44
PO-2024-0000322,2,PROD_000124,271,3.784,0.04,1025.46
PO-2024-0000323,1,PROD_001704,256,2.149,0.1,550.14
PO-2024-0000324,1,PROD_002958,399,0.7006,0.21,279.54
PO-2024-0000324,2,PROD_003103,354,1.9033,0.21,673.77
PO-2024-0000325,1,PROD_001464,251,1.3478,0.1,338.3
PO-2024-0000326,1,PROD_001718,301,1.4032,0.1,422.36
PO-2024-0000326,2,PROD_002522,240,2.1832,0.1,523.97
PO-2024-0000327,1,PROD_003539,323,2.3261,0.21,751.33
PO-2024-0000328,1,PROD_001511,355,4.1531,0.1,1474.35
PO-2024-0000329,1,PROD_000287,299,0.6912,0.04,206.67
PO-2024-0000330,1,PROD_000193,338,0.69,0.21,233.22
PO-2024-0000330,2,PROD_001551,220,0.7076,0.21,155.67
PO-2024-0000331,1,PROD_000485,279,3.2639,0.1,910.63
PO-2024-0000332,1,PROD_002457,473,0.9214,0.04,435.82
PO-2024-0000333,1,PROD_000763,325,2.8564,0.21,928.33
PO-2024-0000334,1,PROD_000781,535,0.7022,0.1,375.68
PO-2024-0000335,1,PROD_001625,478,1.4385,0.1,687.6
PO-2024-0000336,1,PROD_001873,234,0.9129,0.04,213.62
PO-2024-0000337,1,PROD_000167,178,1.4816,0.1,263.72
PO-2024-0000338,1,PROD_001715,168,1.7465,0.1,293.41
PO-2024-0000339,1,PROD_000280,368,1.0923,0.21,401.97
PO-2024-0000340,1,PROD_003057,274,0.5014,0.21,137.38
PO-2024-0000340,2,PROD_002740,334,0.538,0.21,179.69
PO-2024-0000341,1,PROD_002007,211,1.0037,0.1,211.78
PO-2024-0000342,1,PROD_003420,337,1.8923,0.21,637.71
PO-2024-0000343,1,PROD_000931,270,0.6875,0.04,185.62
PO-2024-0000344,1,PROD_001632,430,0.6734,0.21,289.56
PO-2024-0000345,1,PROD_001362,172,1.5802,0.1,271.79
PO-2024-0000346,1,PROD_003458,259,0.5346,0.21,138.46
PO-2024-0000347,1,PROD_003092,173,2.5197,0.21,435.91
PO-2024-0000347,2,PROD_003028,320,0.7024,0.21,224.77
PO-2024-0000347,3,PROD_002707,207,3.022,0.21,625.55
PO-2024-0000347,4,PROD_003053,193,1.0434,0.21,201.38
PO-2024-0000348,1,PROD_003330,169,1.7265,0.21,291.78
PO-2024-0000348,2,PROD_001321,309,0.4839,0.21,149.53
PO-2024-0000348,3,PROD_003409,184,0.8083,0.21,148.73
PO-2024-0000349,1,PROD_002087,223,4.5061,0.04,1004.86
PO-2024-0000349,2,PROD_001502,232,1.6607,0.04,385.28
PO-2024-0000349,3,PROD_002483,333,4.644,0.04,1546.45
PO-2024-0000349,4,PROD_002273,248,13.6756,0.04,3391.55
PO-2024-0000350,1,PROD_002657,192,3.1134,0.1,597.77
PO-2024-0000351,1,PROD_002626,527,0.4374,0.21,230.51
PO-2024-0000351,2,PROD_002614,332,0.7551,0.21,250.69
PO-2024-0000352,1,PROD_002082,654,0.5414,0.1,354.08
PO-2024-0000353,1,PROD_001582,396,3.0951,0.1,1225.66
PO-2024-0000354,1,PROD_002588,207,5.4688,0.1,1132.04
PO-2024-0000355,1,PROD_001023,221,1.4863,0.1,328.47
PO-2024-0000356,1,PROD_000924,257,1.5269,0.1,392.41
PO-2024-0000356,2,PROD_003659,144,2.1713,0.1,312.67
PO-2024-0000357,1,PROD_002461,197,0.8386,0.04,165.2
PO-2024-0000358,1,PROD_002513,336,1.402,0.21,471.07
PO-2024-0000358,2,PROD_001315,521,2.5051,0.21,1305.16
PO-2024-0000359,1,PROD_003046,225,1.9552,0.21,439.92
PO-2024-0000360,1,PROD_000014,170,0.8588,0.21,146.0
PO-2024-0000360,2,PROD_001769,250,0.779,0.1,194.75
PO-2024-0000361,1,PROD_002412,211,0.9623,0.1,203.05
PO-2024-0000362,1,PROD_000412,185,0.5389,0.04,99.7
PO-2024-0000363,1,PROD_000046,266,1.1535,0.21,306.83
PO-2024-0000364,1,PROD_001680,407,0.7482,0.21,304.52
PO-2024-0000365,1,PROD_000976,246,0.839,0.1,206.39
PO-2024-0000366,1,PROD_000129,201,2.0636,0.1,414.78
PO-2024-0000366,2,PROD_000629,241,1.4176,0.1,341.64
PO-2024-0000367,1,PROD_002279,246,1.3842,0.1,340.51
PO-2024-0000367,2,PROD_003149,217,0.9986,0.21,216.7
PO-2024-0000367,3,PROD_003143,338,0.6082,0.21,205.57
PO-2024-0000368,1,PROD_000080,377,0.4402,0.21,165.96
PO-2024-0000369,1,PROD_001178,280,0.9769,0.04,273.53
PO-2024-0000369,2,PROD_001215,305,1.8713,0.04,570.75
PO-2024-0000370,1,PROD_001778,367,3.5366,0.21,1297.93
PO-2024-0000371,1,PROD_002325,326,2.0968,0.21,683.56
PO-2024-0000372,1,PROD_003430,407,0.7979,0.21,324.75
PO-2024-0000373,1,PROD_000641,534,0.3281,0.04,175.21
PO-2024-0000373,2,PROD_002063,348,8.1682,0.04,2842.53
PO-2024-0000374,1,PROD_002204,316,1.7387,0.04,549.43
PO-2024-0000374,2,PROD_000410,140,2.1252,0.04,297.53
PO-2024-0000375,1,PROD_002082,183,0.5549,0.1,101.55
PO-2024-0000376,1,PROD_002113,315,1.5001,0.21,472.53
PO-2024-0000376,2,PROD_000279,260,1.883,0.04,489.58
PO-2024-0000377,1,PROD_002520,260,1.2262,0.21,318.81
PO-2024-0000378,1,PROD_001913,213,0.8922,0.1,190.04
PO-2024-0000379,1,PROD_002426,139,2.4865,0.1,345.62
PO-2024-0000380,1,PROD_002649,120,0.7892,0.21,94.7
PO-2024-0000381,1,PROD_003415,261,0.4119,0.21,107.51
PO-2024-0000382,1,PROD_000746,254,1.7966,0.21,456.34
PO-2024-0000383,1,PROD_002422,262,0.9339,0.1,244.68
PO-2024-0000384,1,PROD_003530,297,1.4835,0.21,440.6
PO-2024-0000385,1,PROD_002108,276,1.9286,0.1,532.29
PO-2024-0000386,1,PROD_002746,269,1.9671,0.21,529.15
PO-2024-0000387,1,PROD_002203,364,0.523,0.04,190.37
PO-2024-0000388,1,PROD_000122,204,1.53,0.21,312.12
PO-2024-0000389,1,PROD_003720,195,0.9209,0.21,179.58
PO-2024-0000390,1,PROD_001092,178,2.0056,0.1,357.0
PO-2024-0000390,2,PROD_001858,199,2.3171,0.1,461.1
PO-2024-0000391,1,PROD_000633,255,1.1361,0.04,289.71
PO-2024-0000392,1,PROD_000691,251,1.1931,0.1,299.47
PO-2024-0000392,2,PROD_001585,91,1.9505,0.1,177.5
PO-2024-0000393,1,PROD_002339,260,0.7556,0.04,196.46
PO-2024-0000394,1,PROD_001818,367,2.6717,0.1,980.51
PO-2024-0000394,2,PROD_001516,151,5.7304,0.1,865.29
PO-2024-0000394,3,PROD_001356,112,1.8495,0.1,207.14
PO-2024-0000394,4,PROD_001467,109,1.0367,0.1,113.0
PO-2024-0000394,5,PROD_000372,207,2.0262,0.1,419.42
PO-2024-0000394,6,PROD_002484,194,9.427,0.1,1828.84
PO-2024-0000395,1,PROD_000435,240,1.5798,0.04,379.15
PO-2024-0000396,1,PROD_001441,245,3.1734,0.1,777.48
PO-2024-0000396,2,PROD_001887,265,1.4946,0.1,396.07
PO-2024-0000397,1,PROD_001461,248,1.3832,0.1,343.03
PO-2024-0000398,1,PROD_000090,227,1.1173,0.21,253.63
PO-2024-0000399,1,PROD_001523,121,1.3779,0.04,166.73
PO-2024-0000400,1,PROD_000217,228,0.969,0.1,220.93
PO-2024-0000401,1,PROD_002744,307,1.7931,0.21,550.48
PO-2024-0000402,1,PROD_003303,273,0.7699,0.21,210.18
PO-2024-0000402,2,PROD_003565,125,0.4618,0.21,57.73
PO-2024-0000403,1,PROD_001540,355,1.3692,0.1,486.07
PO-2024-0000404,1,PROD_002799,368,2.0503,0.21,754.51
PO-2024-0000405,1,PROD_001925,183,0.4195,0.04,76.77
PO-2024-0000406,1,PROD_002574,340,3.3268,0.1,1131.11
PO-2024-0000407,1,PROD_003435,261,1.1253,0.21,293.7
PO-2024-0000407,2,PROD_000104,263,1.669,0.21,438.95
PO-2024-0000408,1,PROD_002694,250,1.0176,0.21,254.4
PO-2024-0000408,2,PROD_002705,282,0.7293,0.21,205.66
PO-2024-0000408,3,PROD_003036,212,1.415,0.21,299.98
PO-2024-0000409,1,PROD_003434,197,4.6646,0.21,918.93
PO-2024-0000410,1,PROD_002669,388,0.3225,0.21,125.13
PO-2024-0000411,1,PROD_003344,300,1.1192,0.21,335.76
PO-2024-0000412,1,PROD_001720,500,1.9076,0.1,953.8
PO-2024-0000413,1,PROD_001970,301,0.7151,0.04,215.25
PO-2024-0000414,1,PROD_003678,221,1.133,0.04,250.39
PO-2024-0000415,1,PROD_001807,189,0.8333,0.21,157.49
PO-2024-0000416,1,PROD_002398,252,0.7003,0.04,176.48
PO-2024-0000417,1,PROD_003137,245,1.8373,0.21,450.14
PO-2024-0000418,1,PROD_003655,357,1.1465,0.04,409.3
PO-2024-0000419,1,PROD_002767,235,3.5494,0.1,834.11
PO-2024-0000420,1,PROD_001074,369,0.6983,0.04,257.67
PO-2024-0000421,1,PROD_000559,203,2.9572,0.1,600.31
PO-2024-0000422,1,PROD_003351,302,1.004,0.21,303.21
PO-2024-0000423,1,PROD_002721,149,1.0868,0.1,161.93
PO-2024-0000423,2,PROD_001898,175,1.0295,0.1,180.16
PO-2024-0000423,3,PROD_002544,181,0.9308,0.1,168.47
PO-2024-0000424,1,PROD_000718,205,1.7512,0.21,359.0
PO-2024-0000424,2,PROD_002904,285,1.7836,0.21,508.33
PO-2024-0000425,1,PROD_001625,266,1.4992,0.1,398.79
PO-2024-0000426,1,PROD_003242,378,2.4575,0.21,928.94
PO-2024-0000427,1,PROD_001636,299,1.4191,0.04,424.31
PO-2024-0000428,1,PROD_003024,272,0.5312,0.21,144.49
PO-2024-0000429,1,PROD_000441,149,2.0431,0.04,304.42
PO-2024-0000430,1,PROD_002223,211,1.5827,0.04,333.95
PO-2024-0000431,1,PROD_002336,289,0.899,0.1,259.81
PO-2024-0000432,1,PROD_000027,182,1.0907,0.21,198.51
PO-2024-0000433,1,PROD_001613,452,1.8542,0.1,838.1
PO-2024-0000434,1,PROD_002746,295,2.0186,0.21,595.49
PO-2024-0000435,1,PROD_001267,439,2.3575,0.1,1034.94
PO-2024-0000435,2,PROD_000583,359,1.8663,0.1,670.0
PO-2024-0000436,1,PROD_003287,614,1.0818,0.21,664.23
PO-2024-0000437,1,PROD_001830,583,0.7535,0.21,439.29
PO-2024-0000438,1,PROD_002108,147,2.0054,0.1,294.79
PO-2024-0000438,2,PROD_002501,283,1.8287,0.1,517.52
PO-2024-0000439,1,PROD_000233,281,1.1539,0.1,324.25
PO-2024-0000440,1,PROD_000086,421,0.8822,0.21,371.41
PO-2024-0000441,1,PROD_001390,144,4.2698,0.04,614.85
PO-2024-0000442,1,PROD_000852,222,0.658,0.1,146.08
PO-2024-0000443,1,PROD_002928,342,0.7154,0.21,244.67
PO-2024-0000443,2,PROD_001833,381,1.2155,0.1,463.11
PO-2024-0000444,1,PROD_000486,121,3.8604,0.1,467.11
PO-2024-0000445,1,PROD_000261,359,0.5812,0.21,208.65
PO-2024-0000446,1,PROD_002439,213,2.5185,0.21,536.44
PO-2024-0000447,1,PROD_000453,159,0.9026,0.1,143.51
PO-2024-0000448,1,PROD_000239,282,0.7065,0.04,199.23
PO-2024-0000449,1,PROD_001432,371,1.1929,0.1,442.57
PO-2024-0000450,1,PROD_001734,209,1.2014,0.04,251.09
PO-2024-0000451,1,PROD_003589,143,2.9174,0.1,417.19
PO-2024-0000452,1,PROD_003125,149,2.1697,0.21,323.29
PO-2024-0000453,1,PROD_002282,366,1.4209,0.04,520.05
PO-2024-0000454,1,PROD_001893,224,1.4533,0.1,325.54
PO-2024-0000455,1,PROD_000500,279,1.7832,0.1,497.51
PO-2024-0000456,1,PROD_002207,230,0.6175,0.1,142.03
PO-2024-0000457,1,PROD_002060,366,1.0135,0.04,370.94
PO-2024-0000458,1,PROD_000765,408,1.1848,0.21,483.4
PO-2024-0000458,2,PROD_002897,219,1.7753,0.21,388.79
PO-2024-0000458,3,PROD_001609,490,0.9612,0.1,470.99
PO-2024-0000459,1,PROD_003286,508,1.0116,0.21,513.89
PO-2024-0000460,1,PROD_000560,251,1.1332,0.1,284.43
PO-2024-0000461,1,PROD_002577,213,1.5195,0.1,323.65
PO-2024-0000462,1,PROD_003552,245,0.4808,0.21,117.8
PO-2024-0000463,1,PROD_000628,254,0.4922,0.1,125.02
PO-2024-0000463,2,PROD_001612,178,1.2765,0.1,227.22
PO-2024-0000463,3,PROD_001105,188,1.0349,0.1,194.56
PO-2024-0000463,4,PROD_001201,234,1.433,0.1,335.32
PO-2024-0000464,1,PROD_002505,226,7.9392,0.04,1794.26
PO-2024-0000465,1,PROD_002816,181,0.9116,0.21,165.0
PO-2024-0000466,1,PROD_001756,391,1.6334,0.1,638.66
PO-2024-0000467,1,PROD_000327,234,1.2005,0.1,280.92
PO-2024-0000468,1,PROD_001116,304,1.653,0.1,502.51
PO-2024-0000469,1,PROD_001769,431,0.7213,0.1,310.88
PO-2024-0000470,1,PROD_001356,153,2.0153,0.1,308.34
PO-2024-0000471,1,PROD_003331,156,0.9315,0.21,145.31
PO-2024-0000472,1,PROD_002400,349,1.4013,0.1,489.05
PO-2024-0000472,2,PROD_003602,294,0.6734,0.1,197.98
PO-2024-0000473,1,PROD_002214,172,2.0867,0.1,358.91
PO-2024-0000474,1,PROD_001724,256,1.1805,0.21,302.21
PO-2024-0000475,1,PROD_000167,285,1.6813,0.1,479.17
PO-2024-0000476,1,PROD_000475,291,0.3207,0.04,93.32
PO-2024-0000477,1,PROD_000607,396,0.8918,0.1,353.15
PO-2024-0000478,1,PROD_002539,379,1.2379,0.04,469.16
PO-2024-0000479,1,PROD_000302,269,1.9818,0.1,533.1
PO-2024-0000479,2,PROD_001130,266,1.6258,0.1,432.46
PO-2024-0000480,1,PROD_001066,324,2.0589,0.21,667.08
PO-2024-0000480,2,PROD_000493,209,4.1119,0.04,859.39
PO-2024-0000481,1,PROD_000767,408,1.8023,0.21,735.34
PO-2024-0000482,1,PROD_000664,316,2.2412,0.1,708.22
PO-2024-0000483,1,PROD_002292,308,0.9774,0.04,301.04
PO-2024-0000484,1,PROD_003005,279,0.7157,0.21,199.68
PO-2024-0000484,2,PROD_002279,186,1.5016,0.1,279.3
PO-2024-0000485,1,PROD_000964,294,1.0053,0.21,295.56
PO-2024-0000486,1,PROD_002872,315,0.4776,0.21,150.44
PO-2024-0000487,1,PROD_000784,305,1.4114,0.04,430.48
PO-2024-0000487,2,PROD_002129,272,4.5764,0.04,1244.78
PO-2024-0000488,1,PROD_002906,254,0.6446,0.1,163.73
PO-2024-0000489,1,PROD_000512,267,2.3967,0.1,639.92
PO-2024-0000490,1,PROD_000529,308,9.1444,0.1,2816.48
PO-2024-0000491,1,PROD_000081,205,1.5678,0.21,321.4
PO-2024-0000491,2,PROD_003560,227,2.7335,0.21,620.5
PO-2024-0000492,1,PROD_003527,306,1.0186,0.21,311.69
PO-2024-0000493,1,PROD_003622,251,2.2449,0.1,563.47
PO-2024-0000494,1,PROD_002855,212,0.6732,0.21,142.72
PO-2024-0000494,2,PROD_003261,136,2.9863,0.21,406.14
PO-2024-0000495,1,PROD_000934,298,0.2919,0.04,86.99
PO-2024-0000496,1,PROD_001606,160,2.0037,0.1,320.59
PO-2024-0000497,1,PROD_002367,192,0.6965,0.1,133.73
PO-2024-0000497,2,PROD_001183,348,0.8586,0.1,298.79
PO-2024-0000498,1,PROD_000007,224,3.5674,0.21,799.1
PO-2024-0000499,1,PROD_003418,207,1.4545,0.21,301.08
PO-2024-0000500,1,PROD_001059,451,4.4385,0.1,2001.76
PO-2024-0000501,1,PROD_000378,324,1.9076,0.21,618.06
PO-2024-0000502,1,PROD_000700,377,1.0571,0.1,398.53
PO-2024-0000503,1,PROD_000216,289,2.1827,0.04,630.8
PO-2024-0000504,1,PROD_003157,213,2.2718,0.21,483.89
PO-2024-0000505,1,PROD_002169,522,0.2925,0.1,152.69
PO-2024-0000506,1,PROD_001096,532,0.9356,0.04,497.74
PO-2024-0000507,1,PROD_003170,355,2.0326,0.21,721.57
PO-2024-0000508,1,PROD_001140,214,0.6777,0.1,145.03
PO-2024-0000509,1,PROD_003415,264,0.3672,0.21,96.94
PO-2024-0000509,2,PROD_003431,236,0.4582,0.21,108.14
PO-2024-0000510,1,PROD_001840,305,1.2386,0.1,377.77
PO-2024-0000511,1,PROD_001286,331,0.1794,0.04,59.38
PO-2024-0000512,1,PROD_002604,185,2.1308,0.1,394.2
PO-2024-0000512,2,PROD_001111,175,1.899,0.1,332.32
PO-2024-0000513,1,PROD_001896,347,0.4482,0.21,155.53
PO-2024-0000514,1,PROD_000722,176,1.7769,0.21,312.73
PO-2024-0000515,1,PROD_002553,293,1.8257,0.1,534.93
PO-2024-0000516,1,PROD_002218,565,1.1923,0.1,673.65
PO-2024-0000517,1,PROD_001500,538,0.9133,0.04,491.36
PO-2024-0000518,1,PROD_000148,245,1.1711,0.04,286.92
PO-2024-0000519,1,PROD_000116,103,1.5046,0.1,154.97
PO-2024-0000520,1,PROD_002639,376,1.8828,0.21,707.93
PO-2024-0000521,1,PROD_002195,399,0.8552,0.1,341.22
PO-2024-0000522,1,PROD_000431,307,0.8643,0.1,265.34
PO-2024-0000523,1,PROD_001999,297,0.9173,0.21,272.44
PO-2024-0000524,1,PROD_002178,165,2.3829,0.1,393.18
PO-2024-0000524,2,PROD_002017,364,4.4052,0.1,1603.49
PO-2024-0000525,1,PROD_003561,164,2.5701,0.21,421.5
PO-2024-0000526,1,PROD_002560,202,0.6833,0.1,138.03
PO-2024-0000527,1,PROD_002124,465,1.068,0.1,496.62
PO-2024-0000528,1,PROD_001934,331,1.1196,0.1,370.59
PO-2024-0000529,1,PROD_003488,93,1.9604,0.21,182.32
PO-2024-0000530,1,PROD_000664,240,2.4616,0.1,590.78
PO-2024-0000531,1,PROD_002606,156,0.8605,0.1,134.24
PO-2024-0000532,1,PROD_001684,197,1.155,0.04,227.53
PO-2024-0000533,1,PROD_000594,308,0.8063,0.04,248.34
PO-2024-0000534,1,PROD_001011,247,0.6461,0.1,159.59
PO-2024-0000534,2,PROD_003607,254,1.1155,0.1,283.34
PO-2024-0000535,1,PROD_002359,218,2.5622,0.1,558.56
PO-2024-0000536,1,PROD_001212,235,2.7606,0.1,648.74
PO-2024-0000537,1,PROD_000911,128,0.4135,0.1,52.93
PO-2024-0000538,1,PROD_003555,260,2.7173,0.21,706.5
PO-2024-0000539,1,PROD_000392,228,1.1324,0.1,258.19
PO-2024-0000540,1,PROD_000879,207,0.8485,0.04,175.64
PO-2024-0000541,1,PROD_000863,313,0.9104,0.1,284.96
PO-2024-0000542,1,PROD_001340,273,2.3739,0.1,648.07
PO-2024-0000543,1,PROD_000409,411,0.9101,0.04,374.05
PO-2024-0000544,1,PROD_002952,292,1.997,0.21,583.12
PO-2024-0000545,1,PROD_002665,108,0.6809,0.1,73.54
PO-2024-0000546,1,PROD_001379,118,1.9849,0.1,234.22
PO-2024-0000547,1,PROD_001157,202,1.4689,0.04,296.72
PO-2024-0000548,1,PROD_001651,319,1.6745,0.1,534.17
PO-2024-0000549,1,PROD_000746,384,1.9584,0.21,752.03
PO-2024-0000550,1,PROD_002180,465,0.7928,0.1,368.65
PO-2024-0000551,1,PROD_002326,384,2.0507,0.04,787.47
PO-2024-0000552,1,PROD_002248,227,2.6511,0.1,601.8
PO-2024-0000552,2,PROD_001371,346,5.2684,0.1,1822.87
PO-2024-0000553,1,PROD_002001,413,0.3727,0.04,153.93
PO-2024-0000554,1,PROD_000027,258,1.0426,0.21,268.99
PO-2024-0000555,1,PROD_003002,280,0.5914,0.21,165.59
PO-2024-0000555,2,PROD_003140,226,1.1967,0.21,270.45
PO-2024-0000556,1,PROD_001095,338,0.919,0.21,310.62
PO-2024-0000557,1,PROD_003606,100,4.2622,0.1,426.22
PO-2024-0000558,1,PROD_002419,189,4.0302,0.1,761.71
PO-2024-0000559,1,PROD_001215,376,2.1167,0.04,795.88
PO-2024-0000559,2,PROD_001344,502,5.8064,0.04,2914.81
PO-2024-0000560,1,PROD_000873,436,2.7801,0.04,1212.12
PO-2024-0000560,2,PROD_002387,295,2.8307,0.04,835.06
PO-2024-0000561,1,PROD_002732,239,1.1968,0.21,286.04
PO-2024-0000562,1,PROD_002194,435,0.5624,0.1,244.64
PO-2024-0000563,1,PROD_000366,334,0.1513,0.04,50.53
PO-2024-0000563,2,PROD_000680,439,0.7282,0.04,319.68
PO-2024-0000564,1,PROD_003460,202,1.2097,0.21,244.36
PO-2024-0000565,1,PROD_000657,122,8.7093,0.04,1062.53
PO-2024-0000566,1,PROD_003498,218,0.3927,0.21,85.61
PO-2024-0000566,2,PROD_003514,274,0.8526,0.21,233.61
PO-2024-0000566,3,PROD_003485,398,0.9232,0.21,367.43
PO-2024-0000567,1,PROD_001473,389,1.1181,0.1,434.94
PO-2024-0000568,1,PROD_001230,203,0.6851,0.1,139.08
PO-2024-0000569,1,PROD_001477,158,1.1773,0.1,186.01
PO-2024-0000570,1,PROD_002015,373,1.6765,0.1,625.33
PO-2024-0000571,1,PROD_002983,279,1.725,0.21,481.28
PO-2024-0000572,1,PROD_001659,232,0.8477,0.1,196.67
PO-2024-0000573,1,PROD_001348,492,2.0078,0.21,987.84
PO-2024-0000573,2,PROD_001297,276,1.0032,0.04,276.88
PO-2024-0000574,1,PROD_002975,355,1.4422,0.21,511.98
PO-2024-0000575,1,PROD_003075,328,2.4,0.21,787.2
PO-2024-0000576,1,PROD_001078,375,1.6936,0.1,635.1
PO-2024-0000577,1,PROD_001428,474,1.4013,0.1,664.22
PO-2024-0000578,1,PROD_000221,444,0.5321,0.1,236.25
PO-2024-0000579,1,PROD_001404,239,14.8606,0.1,3551.68
PO-2024-0000580,1,PROD_000558,241,1.2598,0.04,303.61
PO-2024-0000580,2,PROD_000223,338,1.7902,0.04,605.09
PO-2024-0000581,1,PROD_001746,404,1.1809,0.04,477.08
PO-2024-0000582,1,PROD_003686,228,1.881,0.1,428.87
PO-2024-0000583,1,PROD_000619,158,0.5672,0.1,89.62
PO-2024-0000583,2,PROD_002829,220,1.0176,0.21,223.87
PO-2024-0000584,1,PROD_000205,184,10.2787,0.1,1891.28
PO-2024-0000585,1,PROD_000389,229,1.2252,0.04,280.57
PO-2024-0000586,1,PROD_001693,355,1.7517,0.04,621.85
PO-2024-0000587,1,PROD_001272,311,1.207,0.1,375.38
PO-2024-0000588,1,PROD_002682,122,1.8219,0.1,222.27
PO-2024-0000589,1,PROD_000805,347,1.3367,0.1,463.83
PO-2024-0000589,2,PROD_003613,198,3.9647,0.1,785.01
PO-2024-0000590,1,PROD_002396,254,5.7057,0.1,1449.25
PO-2024-0000591,1,PROD_000402,271,3.4469,0.1,934.11
PO-2024-0000592,1,PROD_000127,378,15.235,0.04,5758.83
PO-2024-0000593,1,PROD_001943,260,0.2597,0.21,67.52
PO-2024-0000593,2,PROD_002120,218,1.9562,0.04,426.45
PO-2024-0000594,1,PROD_003341,362,0.4981,0.21,180.31
PO-2024-0000595,1,PROD_001561,538,1.0477,0.1,563.66
PO-2024-0000596,1,PROD_002332,332,1.6434,0.04,545.61
PO-2024-0000597,1,PROD_001931,173,3.3599,0.21,581.26
PO-2024-0000598,1,PROD_001834,212,1.4329,0.04,303.77
PO-2024-0000599,1,PROD_001915,191,1.6035,0.1,306.27
PO-2024-0000600,1,PROD_002763,476,1.5709,0.21,747.75
PO-2024-0000600,2,PROD_003156,649,2.1649,0.21,1405.02
PO-2024-0000601,1,PROD_000931,169,0.7706,0.04,130.23
PO-2024-0000602,1,PROD_003376,496,2.5627,0.21,1271.1
PO-2024-0000602,2,PROD_002913,424,1.6311,0.21,691.59
PO-2024-0000603,1,PROD_000861,381,1.1548,0.04,439.98
PO-2024-0000604,1,PROD_000838,234,2.298,0.1,537.73
PO-2024-0000605,1,PROD_003573,258,19.5575,0.1,5045.84
PO-2024-0000606,1,PROD_001288,414,1.3883,0.04,574.76
PO-2024-0000606,2,PROD_001984,555,1.2939,0.04,718.11
PO-2024-0000607,1,PROD_001656,383,1.1777,0.1,451.06
PO-2024-0000608,1,PROD_001119,135,1.0269,0.04,138.63
PO-2024-0000609,1,PROD_001784,186,1.1156,0.1,207.5
PO-2024-0000610,1,PROD_002514,333,0.2535,0.04,84.42
PO-2024-0000611,1,PROD_002521,303,1.3424,0.04,406.75
PO-2024-0000612,1,PROD_000686,469,0.8314,0.1,389.93
PO-2024-0000613,1,PROD_002173,477,2.4763,0.1,1181.2
PO-2024-0000614,1,PROD_002899,174,1.0619,0.21,184.77
PO-2024-0000615,1,PROD_003712,311,2.5707,0.21,799.49
PO-2024-0000616,1,PROD_002050,187,0.9557,0.04,178.72
PO-2024-0000617,1,PROD_000776,293,0.4642,0.21,136.01
PO-2024-0000618,1,PROD_001390,255,4.2311,0.04,1078.93
PO-2024-0000619,1,PROD_001014,344,3.2205,0.1,1107.85
PO-2024-0000620,1,PROD_003012,420,0.6453,0.21,271.03
PO-2024-0000620,2,PROD_003161,232,2.2176,0.21,514.48
PO-2024-0000621,1,PROD_001322,152,1.7846,0.1,271.26
PO-2024-0000622,1,PROD_002809,185,1.9983,0.21,369.69
PO-2024-0000622,2,PROD_003129,345,2.1258,0.21,733.4
PO-2024-0000623,1,PROD_000453,431,0.8646,0.1,372.64
PO-2024-0000623,2,PROD_003020,438,0.8468,0.21,370.9
PO-2024-0000624,1,PROD_003475,294,0.7566,0.21,222.44
PO-2024-0000625,1,PROD_000609,199,3.8537,0.21,766.89
PO-2024-0000625,2,PROD_001724,301,1.371,0.21,412.67
PO-2024-0000626,1,PROD_002222,306,0.8332,0.1,254.96
PO-2024-0000627,1,PROD_003577,479,3.3943,0.1,1625.87
PO-2024-0000628,1,PROD_002848,371,3.5778,0.21,1327.36
PO-2024-0000629,1,PROD_001897,418,0.1858,0.04,77.66
PO-2024-0000630,1,PROD_001856,226,0.991,0.04,223.97
PO-2024-0000631,1,PROD_001267,210,2.3873,0.1,501.33
PO-2024-0000632,1,PROD_000751,190,1.8846,0.21,358.07
PO-2024-0000632,2,PROD_002973,155,2.4297,0.21,376.6
PO-2024-0000632,3,PROD_002067,266,2.0495,0.1,545.17
PO-2024-0000633,1,PROD_002138,302,0.3203,0.21,96.73
PO-2024-0000634,1,PROD_002106,260,0.259,0.21,67.34
PO-2024-0000635,1,PROD_002350,257,0.793,0.04,203.8
PO-2024-0000636,1,PROD_002427,214,1.3647,0.04,292.05
PO-2024-0000637,1,PROD_000826,298,0.7909,0.1,235.69
PO-2024-0000638,1,PROD_000295,544,2.0164,0.1,1096.92
PO-2024-0000639,1,PROD_000962,248,0.9184,0.1,227.76
PO-2024-0000640,1,PROD_000047,319,1.9012,0.21,606.48
PO-2024-0000640,2,PROD_002797,279,1.772,0.21,494.39
PO-2024-0000640,3,PROD_003179,377,1.6935,0.21,638.45
PO-2024-0000640,4,PROD_002749,223,1.7492,0.21,390.07
PO-2024-0000641,1,PROD_001778,258,3.6131,0.21,932.18
PO-2024-0000641,2,PROD_001319,293,1.4766,0.04,432.64
PO-2024-0000642,1,PROD_000984,370,1.7641,0.1,652.72
PO-2024-0000643,1,PROD_002571,315,0.899,0.04,283.19
PO-2024-0000644,1,PROD_001624,502,1.0631,0.1,533.68
PO-2024-0000645,1,PROD_001532,188,1.8186,0.1,341.9
PO-2024-0000646,1,PROD_000992,424,1.0924,0.04,463.18
PO-2024-0000647,1,PROD_001218,254,7.548,0.1,1917.19
PO-2024-0000648,1,PROD_003547,257,1.1563,0.21,297.17
PO-2024-0000649,1,PROD_000477,234,9.2536,0.04,2165.34
PO-2024-0000650,1,PROD_000798,114,2.4468,0.1,278.94
PO-2024-0000650,2,PROD_002287,223,1.0381,0.1,231.5
PO-2024-0000651,1,PROD_000942,344,1.0688,0.1,367.67
PO-2024-0000652,1,PROD_002098,197,5.4478,0.1,1073.22
PO-2024-0000653,1,PROD_000967,313,0.5601,0.1,175.31
PO-2024-0000654,1,PROD_002974,232,1.1896,0.21,275.99
PO-2024-0000655,1,PROD_003065,353,1.4857,0.21,524.45
PO-2024-0000656,1,PROD_001146,98,1.033,0.04,101.23
PO-2024-0000657,1,PROD_001409,282,4.5155,0.1,1273.37
PO-2024-0000658,1,PROD_003380,351,0.4528,0.21,158.93
PO-2024-0000659,1,PROD_001438,193,3.9699,0.04,766.19
PO-2024-0000660,1,PROD_002340,490,16.8867,0.04,8274.48
PO-2024-0000661,1,PROD_001099,158,1.3358,0.1,211.06
PO-2024-0000662,1,PROD_000156,225,0.4069,0.21,91.55
PO-2024-0000663,1,PROD_002273,201,12.4231,0.04,2497.04
PO-2024-0000664,1,PROD_003612,217,3.2699,0.1,709.57
PO-2024-0000665,1,PROD_002541,159,6.1611,0.1,979.61
PO-2024-0000666,1,PROD_002173,295,2.8555,0.1,842.37
PO-2024-0000667,1,PROD_002322,278,1.0325,0.1,287.03
PO-2024-0000668,1,PROD_003054,161,2.2277,0.21,358.66
PO-2024-0000669,1,PROD_000574,257,1.9774,0.04,508.19
PO-2024-0000670,1,PROD_002486,530,5.6803,0.1,3010.56
PO-2024-0000671,1,PROD_001924,536,0.3091,0.21,165.68
PO-2024-0000672,1,PROD_002338,239,1.9748,0.04,471.98
PO-2024-0000673,1,PROD_000192,216,1.9038,0.1,411.22
PO-2024-0000673,2,PROD_001049,141,2.0618,0.1,290.71
PO-2024-0000674,1,PROD_001746,298,1.1789,0.04,351.31
PO-2024-0000675,1,PROD_003407,252,0.6298,0.21,158.71
PO-2024-0000676,1,PROD_002840,219,1.1615,0.21,254.37
PO-2024-0000676,2,PROD_000718,224,1.506,0.21,337.34
PO-2024-0000677,1,PROD_003173,199,1.8926,0.21,376.63
PO-2024-0000678,1,PROD_001411,211,2.602,0.1,549.02
PO-2024-0000679,1,PROD_001280,694,0.8633,0.1,599.13
PO-2024-0000679,2,PROD_002636,500,1.1535,0.21,576.75
PO-2024-0000680,1,PROD_000535,261,1.0927,0.1,285.19
PO-2024-0000681,1,PROD_003397,142,1.0736,0.21,152.45
PO-2024-0000682,1,PROD_001950,204,1.1668,0.04,238.03
PO-2024-0000683,1,PROD_003523,405,1.674,0.21,677.97
PO-2024-0000684,1,PROD_003065,444,1.7176,0.21,762.61
PO-2024-0000685,1,PROD_001115,371,0.7545,0.1,279.92
PO-2024-0000686,1,PROD_001406,342,0.6459,0.04,220.9
PO-2024-0000687,1,PROD_002883,194,2.4594,0.1,477.12
PO-2024-0000688,1,PROD_002639,490,2.1475,0.21,1052.28
PO-2024-0000689,1,PROD_001186,373,1.4589,0.04,544.17
PO-2024-0000690,1,PROD_000367,327,1.8822,0.1,615.48
PO-2024-0000691,1,PROD_002408,363,1.1712,0.1,425.15
PO-2024-0000692,1,PROD_003091,242,0.9914,0.21,239.92
PO-2024-0000693,1,PROD_001250,183,1.0166,0.04,186.04
PO-2024-0000694,1,PROD_002546,166,1.6601,0.1,275.58
PO-2024-0000695,1,PROD_001642,270,1.6329,0.21,440.88
PO-2024-0000696,1,PROD_000412,372,0.4577,0.04,170.26
PO-2024-0000697,1,PROD_001670,228,2.1485,0.04,489.86
PO-2024-0000698,1,PROD_001380,227,0.9116,0.1,206.93
PO-2024-0000699,1,PROD_001032,613,2.8305,0.21,1735.1
PO-2024-0000700,1,PROD_003358,217,1.6005,0.21,347.31
PO-2024-0000701,1,PROD_003053,260,0.8982,0.21,233.53
PO-2024-0000702,1,PROD_001389,238,4.0211,0.04,957.02
PO-2024-0000703,1,PROD_000630,215,3.3481,0.1,719.84
PO-2024-0000703,2,PROD_002585,293,17.1108,0.1,5013.46
PO-2024-0000704,1,PROD_002542,277,1.0796,0.04,299.05
PO-2024-0000704,2,PROD_000806,246,1.0827,0.04,266.34
PO-2024-0000705,1,PROD_001728,299,2.2858,0.04,683.45
PO-2024-0000706,1,PROD_001277,407,1.109,0.1,451.36
PO-2024-0000706,2,PROD_000566,322,0.7754,0.1,249.68
PO-2024-0000707,1,PROD_000667,406,8.8623,0.21,3598.09
PO-2024-0000708,1,PROD_003479,188,0.8571,0.21,161.13
PO-2024-0000708,2,PROD_003448,235,1.0218,0.21,240.12
PO-2024-0000708,3,PROD_003432,88,2.4026,0.21,211.43
PO-2024-0000709,1,PROD_003661,191,0.994,0.1,189.85
PO-2024-0000710,1,PROD_003247,138,0.7669,0.21,105.83
PO-2024-0000711,1,PROD_003614,392,14.0253,0.1,5497.92
PO-2024-0000712,1,PROD_003511,243,0.6089,0.21,147.96
PO-2024-0000713,1,PROD_003705,199,0.7521,0.21,149.67
PO-2024-0000714,1,PROD_002262,223,0.9119,0.04,203.35
PO-2024-0000715,1,PROD_001514,474,7.2819,0.1,3451.62
PO-2024-0000716,1,PROD_003282,482,1.8508,0.21,892.09
PO-2024-0000717,1,PROD_002624,504,0.6554,0.21,330.32
PO-2024-0000718,1,PROD_001046,164,1.4291,0.1,234.37
PO-2024-0000719,1,PROD_001678,254,0.777,0.21,197.36
PO-2024-0000720,1,PROD_002192,299,1.336,0.04,399.46
PO-2024-0000720,2,PROD_002499,168,1.1001,0.04,184.82
PO-2024-0000720,3,PROD_001214,323,0.6239,0.04,201.52
PO-2024-0000721,1,PROD_000632,314,1.8209,0.04,571.76
PO-2024-0000722,1,PROD_001773,313,0.8421,0.1,263.58
PO-2024-0000723,1,PROD_001128,210,1.8731,0.04,393.35
PO-2024-0000724,1,PROD_003342,179,0.9201,0.21,164.7
PO-2024-0000725,1,PROD_000063,539,2.2366,0.21,1205.53
PO-2024-0000726,1,PROD_001004,406,0.9851,0.1,399.95
PO-2024-0000727,1,PROD_001088,663,1.2103,0.04,802.43
PO-2024-0000728,1,PROD_001783,277,0.7935,0.21,219.8
PO-2024-0000729,1,PROD_003250,304,2.3508,0.21,714.64
PO-2024-0000730,1,PROD_001866,345,3.463,0.1,1194.74
PO-2024-0000731,1,PROD_003229,464,2.7702,0.21,1285.37
PO-2024-0000732,1,PROD_003166,340,1.6857,0.21,573.14
PO-2024-0000733,1,PROD_002038,216,0.9357,0.1,202.11
PO-2024-0000734,1,PROD_000573,334,2.4433,0.04,816.06
PO-2024-0000734,2,PROD_000886,214,0.5841,0.04,125.0
PO-2024-0000735,1,PROD_001626,205,0.7562,0.21,155.02
PO-2024-0000736,1,PROD_000800,177,0.5892,0.1,104.29
PO-2024-0000737,1,PROD_000553,308,0.8507,0.21,262.02
PO-2024-0000738,1,PROD_002527,171,3.7995,0.1,649.71
PO-2024-0000739,1,PROD_001877,278,2.0771,0.21,577.43
PO-2024-0000740,1,PROD_002731,370,1.7625,0.21,652.12
PO-2024-0000741,1,PROD_000933,312,1.0849,0.21,338.49
PO-2024-0000742,1,PROD_001311,293,0.3796,0.04,111.22
PO-2024-0000743,1,PROD_003069,293,1.3071,0.21,382.98
PO-2024-0000744,1,PROD_003191,230,2.7385,0.21,629.86
PO-2024-0000744,2,PROD_000022,547,0.4788,0.21,261.9
PO-2024-0000745,1,PROD_003662,434,0.7552,0.04,327.76
PO-2024-0000746,1,PROD_001223,116,1.1348,0.04,131.64
PO-2024-0000746,2,PROD_000847,270,0.7308,0.04,197.32
PO-2024-0000747,1,PROD_001506,169,0.8637,0.1,145.97
PO-2024-0000748,1,PROD_003121,173,2.4054,0.21,416.13
PO-2024-0000748,2,PROD_002076,323,0.7784,0.1,251.42
PO-2024-0000748,3,PROD_003018,215,1.8717,0.21,402.42
PO-2024-0000749,1,PROD_000871,186,6.5657,0.04,1221.22
PO-2024-0000750,1,PROD_003536,276,1.2491,0.21,344.75
PO-2024-0000751,1,PROD_003205,297,2.3749,0.21,705.35
PO-2024-0000752,1,PROD_003706,177,0.6087,0.21,107.74
PO-2024-0000753,1,PROD_000271,151,1.1619,0.1,175.45
PO-2024-0000754,1,PROD_002686,288,1.3278,0.21,382.41
PO-2024-0000755,1,PROD_001657,279,0.7766,0.1,216.67
PO-2024-0000756,1,PROD_003700,408,1.1688,0.1,476.87
PO-2024-0000757,1,PROD_001209,292,1.2076,0.1,352.62
PO-2024-0000758,1,PROD_001515,357,0.8362,0.1,298.52
PO-2024-0000759,1,PROD_003296,446,0.6839,0.21,305.02
PO-2024-0000759,2,PROD_003462,451,0.5778,0.21,260.59
PO-2024-0000760,1,PROD_003327,266,1.2906,0.21,343.3
PO-2024-0000761,1,PROD_002444,225,2.0245,0.1,455.51
PO-2024-0000762,1,PROD_002241,246,1.0712,0.04,263.52
PO-2024-0000763,1,PROD_000618,168,4.5751,0.1,768.62
PO-2024-0000763,2,PROD_000206,341,1.4614,0.1,498.34
PO-2024-0000764,1,PROD_001059,166,4.0087,0.1,665.44
PO-2024-0000765,1,PROD_002631,175,1.739,0.21,304.33
PO-2024-0000766,1,PROD_001974,238,5.3316,0.1,1268.92
PO-2024-0000767,1,PROD_003339,209,0.4475,0.21,93.53
PO-2024-0000768,1,PROD_002818,374,3.562,0.1,1332.19
PO-2024-0000769,1,PROD_000997,317,5.6299,0.1,1784.68
PO-2024-0000770,1,PROD_002399,542,2.4625,0.04,1334.67
PO-2024-0000771,1,PROD_003207,533,1.4441,0.21,769.71
PO-2024-0000772,1,PROD_001846,489,1.2018,0.1,587.68
PO-2024-0000773,1,PROD_000598,242,1.5463,0.1,374.2
PO-2024-0000774,1,PROD_000283,412,0.9866,0.04,406.48
PO-2024-0000775,1,PROD_001840,606,1.3828,0.1,837.98
PO-2024-0000776,1,PROD_001360,222,0.5155,0.1,114.44
PO-2024-0000777,1,PROD_000419,175,1.3014,0.1,227.74
PO-2024-0000778,1,PROD_000381,149,0.8443,0.21,125.8
PO-2024-0000779,1,PROD_003553,355,1.0377,0.21,368.38
PO-2024-0000780,1,PROD_003480,120,0.4309,0.21,51.71
PO-2024-0000781,1,PROD_003132,206,0.7922,0.21,163.19
PO-2024-0000782,1,PROD_003375,316,0.5638,0.21,178.16
PO-2024-0000783,1,PROD_000627,281,2.2818,0.1,641.19
PO-2024-0000784,1,PROD_001531,137,0.802,0.04,109.87
PO-2024-0000785,1,PROD_001115,543,0.7452,0.1,404.64
PO-2024-0000786,1,PROD_000302,273,2.1916,0.1,598.31
PO-2024-0000787,1,PROD_001303,277,1.8514,0.21,512.84
PO-2024-0000788,1,PROD_002243,313,2.2446,0.1,702.56
PO-2024-0000789,1,PROD_000803,119,0.5257,0.1,62.56
PO-2024-0000790,1,PROD_001500,260,1.0293,0.04,267.62
PO-2024-0000791,1,PROD_002216,181,3.6018,0.1,651.93
PO-2024-0000792,1,PROD_000491,208,7.043,0.1,1464.94
PO-2024-0000793,1,PROD_002095,373,3.718,0.04,1386.81
PO-2024-0000794,1,PROD_002718,204,6.9457,0.1,1416.92
PO-2024-0000794,2,PROD_001131,339,1.6575,0.1,561.89
PO-2024-0000795,1,PROD_003352,347,1.2614,0.21,437.71
PO-2024-0000796,1,PROD_003113,215,3.6857,0.1,792.43
PO-2024-0000797,1,PROD_000589,319,0.8008,0.1,255.46
PO-2024-0000798,1,PROD_001640,432,0.8987,0.1,388.24
PO-2024-0000799,1,PROD_002926,259,1.7674,0.21,457.76
PO-2024-0000800,1,PROD_001770,293,2.1585,0.1,632.44
PO-2024-0000801,1,PROD_000504,154,4.8845,0.04,752.21
PO-2024-0000801,2,PROD_003665,170,2.5216,0.21,428.67
PO-2024-0000802,1,PROD_003039,303,1.5227,0.21,461.38
PO-2024-0000802,2,PROD_002971,366,1.9575,0.21,716.45
PO-2024-0000803,1,PROD_001962,288,1.5328,0.04,441.45
PO-2024-0000804,1,PROD_003541,281,1.6729,0.21,470.08
PO-2024-0000805,1,PROD_003701,183,0.9043,0.1,165.49
PO-2024-0000806,1,PROD_000714,176,2.8065,0.21,493.94
PO-2024-0000807,1,PROD_001604,299,0.7234,0.04,216.3
PO-2024-0000808,1,PROD_003668,191,0.4925,0.1,94.07
PO-2024-0000809,1,PROD_002498,466,1.3008,0.1,606.17
PO-2024-0000810,1,PROD_001624,325,0.9331,0.1,303.26
PO-2024-0000811,1,PROD_002390,402,0.9691,0.1,389.58
PO-2024-0000811,2,PROD_000905,264,0.8487,0.1,224.06
PO-2024-0000811,3,PROD_001774,200,0.9515,0.1,190.3
PO-2024-0000812,1,PROD_000084,172,0.8595,0.21,147.83
PO-2024-0000813,1,PROD_000707,134,0.8185,0.1,109.68
PO-2024-0000813,2,PROD_002346,259,1.4147,0.1,366.41
PO-2024-0000814,1,PROD_003651,362,0.6719,0.1,243.23
PO-2024-0000814,2,PROD_000621,361,0.4278,0.1,154.44
PO-2024-0000815,1,PROD_003706,224,0.5934,0.21,132.92
PO-2024-0000816,1,PROD_002333,341,0.7136,0.21,243.34
PO-2024-0000817,1,PROD_002892,330,0.854,0.21,281.82
PO-2024-0000817,2,PROD_002861,310,0.6236,0.21,193.32
PO-2024-0000818,1,PROD_000364,167,3.3411,0.1,557.96
PO-2024-0000819,1,PROD_000557,160,1.4907,0.04,238.51
PO-2024-0000819,2,PROD_001587,150,1.6875,0.04,253.12
PO-2024-0000820,1,PROD_000247,302,0.4965,0.1,149.94
PO-2024-0000821,1,PROD_003143,530,0.5942,0.21,314.93
PO-2024-0000822,1,PROD_003465,338,0.6665,0.21,225.28
PO-2024-0000823,1,PROD_000124,371,3.3449,0.04,1240.96
PO-2024-0000824,1,PROD_001792,325,0.7809,0.1,253.79
PO-2024-0000824,2,PROD_000032,340,4.5156,0.1,1535.3
PO-2024-0000825,1,PROD_000098,333,1.6739,0.21,557.41
PO-2024-0000825,2,PROD_003396,223,0.9312,0.21,207.66
PO-2024-0000826,1,PROD_002666,212,0.771,0.21,163.45
PO-2024-0000827,1,PROD_003280,349,1.1752,0.21,410.14
PO-2024-0000828,1,PROD_000439,520,4.6191,0.1,2401.93
PO-2024-0000829,1,PROD_000672,260,0.1064,0.04,27.66
PO-2024-0000830,1,PROD_000840,345,0.4944,0.1,170.57
PO-2024-0000830,2,PROD_002026,326,1.0879,0.1,354.66
PO-2024-0000830,3,PROD_003690,440,1.1949,0.1,525.76
PO-2024-0000830,4,PROD_003241,252,1.6397,0.1,413.2
PO-2024-0000831,1,PROD_000161,486,0.4711,0.21,228.95
PO-2024-0000832,1,PROD_000705,192,1.2033,0.1,231.03
PO-2024-0000833,1,PROD_001186,248,1.6291,0.04,404.02
PO-2024-0000834,1,PROD_000900,224,0.5487,0.1,122.91
PO-2024-0000835,1,PROD_002079,220,0.7482,0.04,164.6
PO-2024-0000836,1,PROD_002333,182,0.7984,0.21,145.31
PO-2024-0000837,1,PROD_003229,231,3.1144,0.21,719.43
PO-2024-0000838,1,PROD_003411,149,1.7038,0.21,253.87
PO-2024-0000839,1,PROD_000341,161,0.889,0.1,143.13
PO-2024-0000840,1,PROD_002391,278,0.7959,0.21,221.26
PO-2024-0000841,1,PROD_003318,205,0.5753,0.21,117.94
PO-2024-0000842,1,PROD_002320,245,0.7326,0.21,179.49
PO-2024-0000843,1,PROD_002375,273,0.9509,0.04,259.6
PO-2024-0000844,1,PROD_002013,521,3.7719,0.04,1965.16
PO-2024-0000845,1,PROD_002455,276,2.2076,0.21,609.3
PO-2024-0000845,2,PROD_001554,163,0.2572,0.21,41.92
PO-2024-0000846,1,PROD_002793,171,1.0989,0.21,187.91
PO-2024-0000846,2,PROD_000737,294,2.0829,0.21,612.37
PO-2024-0000847,1,PROD_003139,306,1.9263,0.21,589.45
PO-2024-0000847,2,PROD_003084,199,0.9449,0.21,188.04
PO-2024-0000848,1,PROD_001984,193,1.3534,0.04,261.21
PO-2024-0000849,1,PROD_003314,304,0.769,0.21,233.78
PO-2024-0000850,1,PROD_003681,286,0.891,0.1,254.83
PO-2024-0000851,1,PROD_001386,117,5.3317,0.1,623.81
PO-2024-0000851,2,PROD_001428,263,1.4112,0.1,371.15
PO-2024-0000852,1,PROD_000556,347,1.7111,0.1,593.75
PO-2024-0000852,2,PROD_002866,157,0.8991,0.21,141.16
PO-2024-0000853,1,PROD_001855,170,1.9629,0.1,333.69
PO-2024-0000854,1,PROD_001331,225,1.0669,0.04,240.05
PO-2024-0000855,1,PROD_000998,277,1.1089,0.04,307.17
PO-2024-0000856,1,PROD_002429,359,8.6489,0.04,3104.96
PO-2024-0000857,1,PROD_003418,261,1.3814,0.21,360.55
PO-2024-0000857,2,PROD_000952,160,0.4175,0.21,66.8
PO-2024-0000858,1,PROD_001267,373,2.064,0.1,769.87
PO-2024-0000859,1,PROD_000476,324,0.4099,0.04,132.81
PO-2024-0000859,2,PROD_001831,233,0.2889,0.04,67.31
PO-2024-0000860,1,PROD_000836,295,0.677,0.04,199.72
PO-2024-0000861,1,PROD_000013,385,1.2977,0.21,499.61
PO-2024-0000861,2,PROD_003123,352,2.3594,0.21,830.51
PO-2024-0000861,3,PROD_001349,516,2.0034,0.1,1033.75
PO-2024-0000862,1,PROD_000442,249,4.3199,0.04,1075.66
PO-2024-0000862,2,PROD_002580,542,0.359,0.21,194.58
PO-2024-0000863,1,PROD_000729,146,1.5584,0.1,227.53
PO-2024-0000863,2,PROD_000351,156,1.6858,0.1,262.98
PO-2024-0000864,1,PROD_001370,472,0.8404,0.1,396.67
PO-2024-0000864,2,PROD_001647,511,0.7507,0.1,383.61
PO-2024-0000865,1,PROD_001362,434,1.3901,0.1,603.3
PO-2024-0000866,1,PROD_003061,163,1.0084,0.21,164.37
PO-2024-0000867,1,PROD_003502,194,1.166,0.21,226.2
PO-2024-0000868,1,PROD_001541,493,0.9122,0.1,449.71
PO-2024-0000869,1,PROD_000220,259,0.9493,0.04,245.87
PO-2024-0000870,1,PROD_002272,267,1.3311,0.1,355.4
PO-2024-0000871,1,PROD_002166,244,1.2446,0.04,303.68
PO-2024-0000871,2,PROD_000873,330,2.7419,0.04,904.83
PO-2024-0000872,1,PROD_003158,381,2.1793,0.21,830.31
PO-2024-0000873,1,PROD_000125,424,1.4939,0.1,633.41
PO-2024-0000874,1,PROD_000835,547,0.9601,0.1,525.17
PO-2024-0000875,1,PROD_003666,330,1.0981,0.21,362.37
PO-2024-0000876,1,PROD_003328,283,1.2245,0.21,346.53
PO-2024-0000877,1,PROD_003359,249,0.4569,0.21,113.77
PO-2024-0000878,1,PROD_002857,312,0.8219,0.1,256.43
PO-2024-0000879,1,PROD_001322,229,1.5764,0.1,361.0
PO-2024-0000880,1,PROD_000064,183,0.6271,0.21,114.76
PO-2024-0000881,1,PROD_002581,243,0.8728,0.1,212.09
PO-2024-0000882,1,PROD_002129,235,4.2717,0.04,1003.85
PO-2024-0000883,1,PROD_002253,349,0.8583,0.04,299.55
PO-2024-0000884,1,PROD_000479,187,2.6523,0.04,495.98
PO-2024-0000885,1,PROD_003322,181,1.1072,0.21,200.4
PO-2024-0000886,1,PROD_001383,245,3.1654,0.1,775.52
PO-2024-0000887,1,PROD_000823,153,1.8482,0.04,282.77
PO-2024-0000888,1,PROD_000274,210,1.5348,0.1,322.31
PO-2024-0000889,1,PROD_001404,261,16.7004,0.1,4358.8
PO-2024-0000890,1,PROD_002910,225,3.3855,0.1,761.74
PO-2024-0000891,1,PROD_001917,279,1.1996,0.1,334.69
PO-2024-0000892,1,PROD_003624,321,1.6736,0.1,537.23
PO-2024-0000893,1,PROD_001413,300,4.0857,0.04,1225.71
PO-2024-0000894,1,PROD_002053,335,0.8778,0.04,294.06
PO-2024-0000895,1,PROD_003606,154,3.6235,0.1,558.02
PO-2024-0000896,1,PROD_002902,264,2.2767,0.21,601.05
PO-2024-0000897,1,PROD_001495,370,0.3323,0.1,122.95
PO-2024-0000898,1,PROD_001648,377,1.1119,0.1,419.19
PO-2024-0000899,1,PROD_000835,303,0.9415,0.1,285.27
PO-2024-0000900,1,PROD_000367,333,1.8158,0.1,604.66
PO-2024-0000900,2,PROD_001689,308,1.9894,0.1,612.74
PO-2024-0000901,1,PROD_003029,342,1.2966,0.21,443.44
PO-2024-0000901,2,PROD_001449,257,0.1659,0.1,42.64
PO-2024-0000902,1,PROD_000615,268,1.5716,0.21,421.19
PO-2024-0000902,2,PROD_000974,388,0.8255,0.04,320.29
PO-2024-0000903,1,PROD_002133,506,0.7964,0.21,402.98
PO-2024-0000904,1,PROD_002428,549,1.0795,0.1,592.65
PO-2024-0000905,1,PROD_002829,235,0.8525,0.21,200.34
PO-2024-0000906,1,PROD_002192,245,1.3077,0.04,320.39
PO-2024-0000907,1,PROD_001009,412,1.1794,0.04,485.91
PO-2024-0000907,2,PROD_001282,302,2.6225,0.21,792.0
PO-2024-0000908,1,PROD_003168,565,0.8156,0.21,460.81
PO-2024-0000909,1,PROD_001378,219,0.3378,0.21,73.98
PO-2024-0000910,1,PROD_001034,202,2.7546,0.1,556.43
PO-2024-0000911,1,PROD_000696,251,3.9262,0.21,985.48
PO-2024-0000912,1,PROD_002087,347,3.9754,0.04,1379.46
PO-2024-0000913,1,PROD_002131,599,1.4361,0.04,860.22
PO-2024-0000913,2,PROD_001576,290,1.7643,0.21,511.65
PO-2024-0000914,1,PROD_001769,185,0.7404,0.1,136.97
PO-2024-0000915,1,PROD_001671,293,1.0722,0.04,314.15
PO-2024-0000916,1,PROD_000097,437,0.8916,0.21,389.63
PO-2024-0000917,1,PROD_001269,457,1.1793,0.1,538.94
PO-2024-0000918,1,PROD_002283,298,0.6341,0.21,188.96
PO-2024-0000919,1,PROD_001685,132,1.1313,0.1,149.33
PO-2024-0000920,1,PROD_000075,156,2.9448,0.21,459.39
PO-2024-0000921,1,PROD_003464,329,0.8682,0.21,285.64
PO-2024-0000922,1,PROD_002409,187,0.5175,0.1,96.77
PO-2024-0000922,2,PROD_003026,246,0.7444,0.1,183.12
PO-2024-0000922,3,PROD_000057,216,10.8716,0.1,2348.27
PO-2024-0000923,1,PROD_003413,124,1.5526,0.21,192.52
PO-2024-0000924,1,PROD_001524,227,2.1412,0.1,486.05
PO-2024-0000925,1,PROD_001617,304,1.067,0.04,324.37
PO-2024-0000926,1,PROD_001278,136,1.6106,0.21,219.04
PO-2024-0000927,1,PROD_002596,276,3.5986,0.21,993.21
PO-2024-0000928,1,PROD_002388,251,2.1419,0.1,537.62
PO-2024-0000929,1,PROD_001140,260,0.6051,0.1,157.33
PO-2024-0000929,2,PROD_000888,362,0.8389,0.1,303.68
PO-2024-0000930,1,PROD_002270,201,0.5318,0.1,106.89
PO-2024-0000931,1,PROD_001316,130,5.7727,0.04,750.45
PO-2024-0000931,2,PROD_001554,126,0.2873,0.21,36.2
PO-2024-0000932,1,PROD_002759,461,1.1353,0.21,523.37
PO-2024-0000933,1,PROD_002340,314,14.9027,0.04,4679.45
PO-2024-0000934,1,PROD_001360,196,0.5796,0.1,113.6
PO-2024-0000935,1,PROD_001466,230,0.8408,0.21,193.38
PO-2024-0000935,2,PROD_002399,282,2.2425,0.04,632.38
PO-2024-0000936,1,PROD_002693,270,1.1258,0.21,303.97
PO-2024-0000937,1,PROD_000603,300,2.0125,0.1,603.75
PO-2024-0000938,1,PROD_000887,464,4.193,0.1,1945.55
PO-2024-0000938,2,PROD_001901,346,7.0099,0.1,2425.43
PO-2024-0000939,1,PROD_000184,402,0.8381,0.1,336.92
PO-2024-0000940,1,PROD_001775,125,1.022,0.1,127.75
PO-2024-0000941,1,PROD_001001,302,3.3126,0.04,1000.41
PO-2024-0000942,1,PROD_003431,175,0.5285,0.21,92.49
PO-2024-0000943,1,PROD_000363,177,1.441,0.04,255.06
PO-2024-0000944,1,PROD_002274,329,3.7238,0.1,1225.13
PO-2024-0000945,1,PROD_003722,274,2.5937,0.21,710.67
PO-2024-0000946,1,PROD_000715,269,0.6167,0.21,165.89
PO-2024-0000947,1,PROD_002047,338,3.2673,0.1,1104.35
PO-2024-0000948,1,PROD_000577,347,2.3398,0.1,811.91
PO-2024-0000949,1,PROD_000072,132,1.1182,0.21,147.6
PO-2024-0000950,1,PROD_002593,111,4.9377,0.04,548.08
PO-2024-0000951,1,PROD_001309,328,0.619,0.1,203.03
PO-2024-0000952,1,PROD_003529,269,1.5352,0.21,412.97
PO-2024-0000953,1,PROD_000015,149,4.9873,0.1,743.11
PO-2024-0000953,2,PROD_000622,280,0.6064,0.1,169.79
PO-2024-0000954,1,PROD_001846,382,1.0664,0.1,407.36
PO-2024-0000955,1,PROD_000652,295,1.172,0.1,345.74
PO-2024-0000956,1,PROD_001753,164,0.8784,0.04,144.06
PO-2024-0000957,1,PROD_002504,297,8.6485,0.04,2568.6
PO-2024-0000957,2,PROD_002192,261,1.4702,0.04,383.72
PO-2024-0000958,1,PROD_001328,262,2.5457,0.21,666.97
PO-2024-0000959,1,PROD_003466,151,2.5776,0.21,389.22
PO-2024-0000960,1,PROD_002391,252,0.7088,0.21,178.62
PO-2024-0000961,1,PROD_002266,247,1.2755,0.04,315.05
PO-2024-0000962,1,PROD_000120,199,1.5774,0.1,313.9
PO-2024-0000963,1,PROD_002939,268,1.9214,0.21,514.94
PO-2024-0000964,1,PROD_001989,146,1.9787,0.04,288.89
PO-2024-0000965,1,PROD_002812,218,3.8703,0.1,843.73
PO-2024-0000966,1,PROD_000153,443,4.8907,0.04,2166.58
PO-2024-0000967,1,PROD_001218,252,6.8464,0.1,1725.29
PO-2024-0000968,1,PROD_002414,253,0.6994,0.1,176.95
PO-2024-0000969,1,PROD_003607,305,1.1242,0.1,342.88
PO-2024-0000969,2,PROD_003597,191,6.1034,0.1,1165.75
PO-2024-0000970,1,PROD_002626,265,0.4419,0.21,117.1
PO-2024-0000971,1,PROD_001899,244,6.5311,0.1,1593.59
PO-2024-0000972,1,PROD_001480,320,2.9655,0.04,948.96
PO-2024-0000973,1,PROD_000345,256,2.05,0.1,524.8
PO-2024-0000974,1,PROD_001163,128,0.7411,0.21,94.86
PO-2024-0000975,1,PROD_000691,150,1.0263,0.1,153.94
PO-2024-0000975,2,PROD_000224,337,0.664,0.1,223.77
PO-2024-0000975,3,PROD_001581,343,0.6733,0.1,230.94
PO-2024-0000976,1,PROD_001737,367,0.6753,0.04,247.84
PO-2024-0000977,1,PROD_000634,230,0.5196,0.1,119.51
PO-2024-0000978,1,PROD_001378,168,0.3107,0.21,52.2
PO-2024-0000979,1,PROD_003357,213,1.7102,0.21,364.27
PO-2024-0000980,1,PROD_002892,409,0.9228,0.21,377.43
PO-2024-0000981,1,PROD_000143,470,2.2253,0.04,1045.89
PO-2024-0000982,1,PROD_002251,450,1.0746,0.1,483.57
PO-2024-0000982,2,PROD_002271,335,0.8119,0.1,271.99
PO-2024-0000982,3,PROD_003240,244,1.0808,0.1,263.72
PO-2024-0000983,1,PROD_000531,239,4.5693,0.1,1092.06
PO-2024-0000984,1,PROD_002477,373,7.8051,0.04,2911.3
PO-2024-0000985,1,PROD_002615,172,0.6114,0.21,105.16
PO-2024-0000986,1,PROD_000215,380,1.6648,0.04,632.62
PO-2024-0000987,1,PROD_003279,341,0.9098,0.21,310.24
PO-2024-0000987,2,PROD_003399,426,2.313,0.21,985.34
PO-2024-0000988,1,PROD_003340,233,1.186,0.21,276.34
PO-2024-0000989,1,PROD_002995,370,0.4608,0.21,170.5
PO-2024-0000990,1,PROD_003353,159,4.5671,0.21,726.17
PO-2024-0000991,1,PROD_000386,232,1.1083,0.04,257.13
PO-2024-0000992,1,PROD_003160,269,1.7789,0.21,478.52
PO-2024-0000993,1,PROD_000135,128,1.1167,0.1,142.94
PO-2024-0000994,1,PROD_002881,303,0.7565,0.21,229.22
PO-2024-0000995,1,PROD_001467,190,1.1316,0.1,215.0
PO-2024-0000996,1,PROD_003629,288,1.2025,0.04,346.32
PO-2024-0000997,1,PROD_000188,145,2.2232,0.1,322.36
PO-2024-0000997,2,PROD_001429,194,5.6789,0.1,1101.71
PO-2024-0000997,3,PROD_001730,192,5.7751,0.1,1108.82
PO-2024-0000998,1,PROD_001253,190,16.6689,0.1,3167.09
PO-2024-0000999,1,PROD_002260,364,0.8691,0.1,316.35
PO-2024-0001000,1,PROD_003275,193,1.7373,0.21,335.3
PO-2024-0001001,1,PROD_001473,476,1.0736,0.1,511.03
PO-2024-0001002,1,PROD_003505,397,1.2021,0.21,477.23
PO-2024-0001003,1,PROD_001310,335,0.8139,0.04,272.66
PO-2024-0001003,2,PROD_002424,226,5.1771,0.04,1170.02
PO-2024-0001004,1,PROD_001357,446,1.1199,0.04,499.48
PO-2024-0001005,1,PROD_001050,205,1.4805,0.1,303.5
PO-2024-0001006,1,PROD_003424,310,0.952,0.21,295.12
PO-2024-0001007,1,PROD_000190,248,0.2874,0.21,71.28
PO-2024-0001007,2,PROD_001723,289,0.8965,0.04,259.09
PO-2024-0001007,3,PROD_000346,371,1.1389,0.04,422.53
PO-2024-0001008,1,PROD_002922,178,0.9728,0.21,173.16
PO-2024-0001009,1,PROD_002542,425,1.0738,0.04,456.37
PO-2024-0001010,1,PROD_003198,534,3.1268,0.21,1669.71
PO-2024-0001011,1,PROD_003468,406,0.4906,0.21,199.18
PO-2024-0001012,1,PROD_000580,302,1.9063,0.1,575.7
PO-2024-0001013,1,PROD_000899,169,1.1695,0.04,197.65
PO-2024-0001014,1,PROD_003561,215,2.7747,0.21,596.56
PO-2024-0001015,1,PROD_000528,217,0.8543,0.04,185.38
PO-2024-0001016,1,PROD_000864,650,1.4843,0.04,964.79
PO-2024-0001017,1,PROD_002311,270,1.6139,0.1,435.75
PO-2024-0001018,1,PROD_002343,183,1.6958,0.1,310.33
PO-2024-0001019,1,PROD_000607,105,0.9089,0.1,95.43
PO-2024-0001020,1,PROD_003187,182,2.2144,0.21,403.02
PO-2024-0001021,1,PROD_003372,555,1.028,0.21,570.54
PO-2024-0001022,1,PROD_001478,212,3.1869,0.21,675.62
PO-2024-0001023,1,PROD_003394,161,0.9079,0.21,146.17
PO-2024-0001024,1,PROD_000044,255,0.6148,0.21,156.77
PO-2024-0001025,1,PROD_001549,522,1.1441,0.1,597.22
PO-2024-0001025,2,PROD_003018,253,2.0031,0.21,506.78
PO-2024-0001026,1,PROD_000838,123,2.0548,0.1,252.74
PO-2024-0001026,2,PROD_001686,268,1.5813,0.1,423.79
PO-2024-0001026,3,PROD_002036,186,3.2876,0.1,611.49
PO-2024-0001027,1,PROD_002671,629,0.7034,0.21,442.44
PO-2024-0001028,1,PROD_001535,382,1.6341,0.04,624.23
PO-2024-0001029,1,PROD_002657,180,2.8777,0.1,517.99
PO-2024-0001030,1,PROD_000107,209,1.8136,0.21,379.04
PO-2024-0001031,1,PROD_002343,170,1.8634,0.1,316.78
PO-2024-0001032,1,PROD_002173,311,2.7038,0.1,840.88
PO-2024-0001033,1,PROD_002488,311,2.4878,0.1,773.71
PO-2024-0001034,1,PROD_000597,252,1.1881,0.1,299.4
PO-2024-0001035,1,PROD_001382,126,0.7161,0.1,90.23
PO-2024-0001036,1,PROD_002954,272,1.8856,0.21,512.88
PO-2024-0001036,2,PROD_001620,139,2.6534,0.1,368.82
PO-2024-0001036,3,PROD_000740,277,1.4265,0.21,395.14
PO-2024-0001037,1,PROD_000736,184,2.1357,0.21,392.97
PO-2024-0001038,1,PROD_001565,260,0.2901,0.21,75.43
PO-2024-0001039,1,PROD_001806,368,2.4912,0.04,916.76
PO-2024-0001040,1,PROD_003290,305,0.6301,0.21,192.18
PO-2024-0001041,1,PROD_003718,168,0.5536,0.21,93.0
PO-2024-0001042,1,PROD_001725,494,1.099,0.1,542.91
PO-2024-0001042,2,PROD_003031,325,1.217,0.21,395.53
PO-2024-0001043,1,PROD_000955,432,1.0455,0.04,451.66
PO-2024-0001044,1,PROD_003050,234,0.9249,0.21,216.43
PO-2024-0001045,1,PROD_003349,257,0.8736,0.21,224.52
PO-2024-0001046,1,PROD_002444,316,1.9982,0.1,631.43
PO-2024-0001047,1,PROD_003414,419,1.1302,0.21,473.55
PO-2024-0001048,1,PROD_000780,323,0.8066,0.1,260.53
PO-2024-0001049,1,PROD_002286,408,0.5914,0.21,241.29
PO-2024-0001050,1,PROD_000172,165,44.6759,0.1,7371.52
PO-2024-0001051,1,PROD_000235,289,0.5617,0.04,162.33
PO-2024-0001052,1,PROD_002876,379,0.7592,0.21,287.74
PO-2024-0001052,2,PROD_002842,153,2.4362,0.21,372.74
PO-2024-0001053,1,PROD_002661,317,1.7395,0.21,551.42
PO-2024-0001054,1,PROD_003336,172,2.1834,0.21,375.54
PO-2024-0001055,1,PROD_000163,250,3.4494,0.1,862.35
PO-2024-0001056,1,PROD_001892,164,1.5629,0.1,256.32
PO-2024-0001056,2,PROD_001135,227,1.7997,0.1,408.53
PO-2024-0001057,1,PROD_003140,329,1.296,0.21,426.38
PO-2024-0001058,1,PROD_000424,185,1.2275,0.04,227.09
PO-2024-0001059,1,PROD_002552,238,0.7043,0.1,167.62
PO-2024-0001060,1,PROD_001555,185,4.543,0.04,840.46
PO-2024-0001061,1,PROD_003527,323,1.1584,0.21,374.16
PO-2024-0001062,1,PROD_002700,152,2.3655,0.21,359.56
PO-2024-0001063,1,PROD_002111,315,5.5197,0.1,1738.71
PO-2024-0001064,1,PROD_003542,116,0.7967,0.21,92.42
PO-2024-0001065,1,PROD_000583,229,1.7866,0.1,409.13
PO-2024-0001066,1,PROD_002155,213,2.2655,0.04,482.55
PO-2024-0001067,1,PROD_000689,151,1.3244,0.21,199.98
PO-2024-0001068,1,PROD_001729,215,1.0688,0.1,229.79
PO-2024-0001069,1,PROD_002096,287,7.5653,0.1,2171.24
PO-2024-0001070,1,PROD_002013,343,3.5378,0.04,1213.47
PO-2024-0001071,1,PROD_003667,387,2.2915,0.1,886.81
PO-2024-0001072,1,PROD_003272,134,0.4936,0.21,66.14
PO-2024-0001073,1,PROD_002131,206,1.4711,0.04,303.05
PO-2024-0001074,1,PROD_000802,183,1.1218,0.1,205.29
PO-2024-0001075,1,PROD_002295,134,0.2875,0.21,38.52
PO-2024-0001076,1,PROD_001251,316,14.0937,0.1,4453.61
PO-2024-0001077,1,PROD_003268,338,2.2134,0.21,748.13
PO-2024-0001078,1,PROD_000184,240,0.8647,0.1,207.53
PO-2024-0001079,1,PROD_003553,203,1.2227,0.21,248.21
PO-2024-0001079,2,PROD_003347,338,1.3242,0.21,447.58
PO-2024-0001080,1,PROD_001904,218,1.0529,0.21,229.53
PO-2024-0001081,1,PROD_000595,271,1.9136,0.1,518.59
PO-2024-0001082,1,PROD_002950,380,0.4759,0.21,180.84
PO-2024-0001083,1,PROD_001940,468,1.9165,0.04,896.92
PO-2024-0001084,1,PROD_002192,398,1.4754,0.04,587.21
PO-2024-0001085,1,PROD_000837,259,0.9608,0.21,248.85
PO-2024-0001086,1,PROD_003350,410,1.6888,0.21,692.41
PO-2024-0001086,2,PROD_003401,289,0.7825,0.21,226.14
PO-2024-0001087,1,PROD_000899,327,1.183,0.04,386.84
PO-2024-0001087,2,PROD_002601,318,0.9753,0.04,310.15
PO-2024-0001088,1,PROD_000980,541,0.7596,0.1,410.94
PO-2024-0001088,2,PROD_003618,578,3.9125,0.1,2261.43
PO-2024-0001089,1,PROD_002977,472,1.445,0.21,682.04
PO-2024-0001089,2,PROD_002659,442,0.5447,0.21,240.76
PO-2024-0001090,1,PROD_003054,222,1.925,0.21,427.35
PO-2024-0001091,1,PROD_000205,310,9.5587,0.1,2963.2
PO-2024-0001092,1,PROD_003088,362,2.6899,0.21,973.74
PO-2024-0001093,1,PROD_003326,409,1.0045,0.21,410.84
PO-2024-0001094,1,PROD_002002,209,1.3949,0.04,291.53
PO-2024-0001095,1,PROD_001683,224,5.5101,0.1,1234.26
PO-2024-0001096,1,PROD_000121,436,3.1864,0.21,1389.27
PO-2024-0001097,1,PROD_001942,249,4.8894,0.04,1217.46
PO-2024-0001097,2,PROD_000258,338,6.5778,0.04,2223.3
PO-2024-0001098,1,PROD_001304,280,1.2969,0.1,363.13
PO-2024-0001098,2,PROD_000901,303,0.706,0.1,213.92
PO-2024-0001099,1,PROD_001984,390,1.1956,0.04,466.28
PO-2024-0001100,1,PROD_003373,264,0.971,0.21,256.34
PO-2024-0001101,1,PROD_003223,154,3.0674,0.21,472.38
PO-2024-0001102,1,PROD_002496,207,8.6289,0.1,1786.18
PO-2024-0001103,1,PROD_003515,190,1.369,0.21,260.11
PO-2024-0001104,1,PROD_001340,444,2.1649,0.1,961.22
PO-2024-0001105,1,PROD_003367,178,1.021,0.21,181.74
PO-2024-0001106,1,PROD_000409,195,1.0555,0.04,205.82
PO-2024-0001107,1,PROD_000200,379,1.0849,0.04,411.18
PO-2024-0001108,1,PROD_000890,563,0.9155,0.04,515.43
PO-2024-0001109,1,PROD_000188,474,2.1333,0.1,1011.18
PO-2024-0001110,1,PROD_001881,257,3.5537,0.1,913.3
PO-2024-0001111,1,PROD_002062,297,0.5114,0.1,151.89
PO-2024-0001112,1,PROD_000807,395,1.087,0.1,429.37
PO-2024-0001113,1,PROD_002307,203,4.6501,0.1,943.97
PO-2024-0001114,1,PROD_003383,184,0.8819,0.21,162.27
PO-2024-0001115,1,PROD_002624,194,0.6144,0.21,119.19
PO-2024-0001116,1,PROD_001912,293,15.0607,0.1,4412.79
PO-2024-0001117,1,PROD_001762,163,0.5033,0.21,82.04
PO-2024-0001118,1,PROD_003236,140,2.7489,0.21,384.85
PO-2024-0001119,1,PROD_000462,113,1.9969,0.04,225.65
PO-2024-0001120,1,PROD_002745,275,2.025,0.21,556.88
PO-2024-0001121,1,PROD_000974,164,0.9408,0.04,154.29
PO-2024-0001122,1,PROD_000910,185,2.825,0.21,522.62
PO-2024-0001123,1,PROD_002795,162,3.5883,0.21,581.3
PO-2024-0001123,2,PROD_000579,283,0.7167,0.1,202.83
PO-2024-0001124,1,PROD_001128,392,1.9113,0.04,749.23
PO-2024-0001125,1,PROD_001337,179,6.1693,0.1,1104.3
PO-2024-0001126,1,PROD_001890,325,1.272,0.1,413.4
PO-2024-0001127,1,PROD_001760,388,1.3899,0.1,539.28
PO-2024-0001128,1,PROD_000156,330,0.4556,0.21,150.35
PO-2024-0001129,1,PROD_002989,178,2.2626,0.21,402.74
PO-2024-0001130,1,PROD_002589,158,3.5353,0.04,558.58
PO-2024-0001131,1,PROD_001783,291,0.7174,0.21,208.76
PO-2024-0001132,1,PROD_001600,536,4.1679,0.04,2233.99
PO-2024-0001133,1,PROD_003134,144,2.0288,0.21,292.15
PO-2024-0001134,1,PROD_001522,218,2.8224,0.1,615.28
PO-2024-0001135,1,PROD_001816,148,2.2072,0.21,326.67
PO-2024-0001135,2,PROD_002338,168,2.0843,0.04,350.16
PO-2024-0001136,1,PROD_000920,181,1.3776,0.1,249.35
PO-2024-0001136,2,PROD_000593,247,1.8631,0.1,460.19
PO-2024-0001137,1,PROD_003311,213,0.5259,0.21,112.02
PO-2024-0001138,1,PROD_002875,251,0.5142,0.21,129.06
PO-2024-0001139,1,PROD_003125,170,1.9078,0.21,324.33
PO-2024-0001140,1,PROD_001159,626,3.3926,0.1,2123.77
PO-2024-0001141,1,PROD_003166,328,1.4749,0.21,483.77
PO-2024-0001142,1,PROD_000480,285,4.1854,0.1,1192.84
PO-2024-0001143,1,PROD_001872,107,2.2589,0.1,241.7
PO-2024-0001144,1,PROD_003064,369,0.8946,0.21,330.11
PO-2024-0001145,1,PROD_003412,297,0.757,0.21,224.83
PO-2024-0001146,1,PROD_002939,579,1.9968,0.21,1156.15
PO-2024-0001146,2,PROD_002710,203,0.6675,0.21,135.5
PO-2024-0001147,1,PROD_001409,411,5.0167,0.1,2061.86
PO-2024-0001148,1,PROD_003448,261,0.8933,0.21,233.15
PO-2024-0001149,1,PROD_000501,350,1.7087,0.04,598.05
PO-2024-0001149,2,PROD_003695,337,0.8976,0.04,302.49
PO-2024-0001150,1,PROD_003568,275,1.0994,0.1,302.33
PO-2024-0001151,1,PROD_003363,453,1.7194,0.21,778.89
PO-2024-0001152,1,PROD_001021,281,2.3197,0.1,651.84
PO-2024-0001153,1,PROD_000956,472,3.1272,0.21,1476.04
PO-2024-0001154,1,PROD_001568,234,0.6732,0.21,157.53
PO-2024-0001155,1,PROD_001353,222,0.9352,0.1,207.61
PO-2024-0001156,1,PROD_001811,331,2.2678,0.1,750.64
PO-2024-0001157,1,PROD_000834,164,1.6346,0.1,268.07
PO-2024-0001158,1,PROD_002437,209,2.6081,0.1,545.09
PO-2024-0001159,1,PROD_000917,384,2.2006,0.1,845.03
PO-2024-0001160,1,PROD_003621,367,9.5249,0.1,3495.64
PO-2024-0001161,1,PROD_001369,434,1.3608,0.1,590.59
PO-2024-0001162,1,PROD_000141,189,1.1696,0.1,221.05
PO-2024-0001163,1,PROD_003019,210,2.4824,0.1,521.3
PO-2024-0001164,1,PROD_001987,437,4.2351,0.1,1850.74
PO-2024-0001165,1,PROD_001184,251,2.3647,0.21,593.54
PO-2024-0001165,2,PROD_002294,161,2.7376,0.21,440.75
PO-2024-0001166,1,PROD_000231,365,0.8254,0.04,301.27
PO-2024-0001167,1,PROD_002307,412,5.2648,0.1,2169.1
PO-2024-0001168,1,PROD_000292,395,0.8049,0.1,317.94
PO-2024-0001169,1,PROD_002253,364,0.9651,0.04,351.3
PO-2024-0001170,1,PROD_003494,477,0.8188,0.21,390.57
PO-2024-0001170,2,PROD_003321,451,0.9728,0.21,438.73
PO-2024-0001171,1,PROD_001102,223,1.0227,0.1,228.06
PO-2024-0001172,1,PROD_000789,432,0.6495,0.1,280.58
PO-2024-0001173,1,PROD_001421,193,0.7929,0.1,153.03
PO-2024-0001173,2,PROD_001117,223,5.3108,0.1,1184.31
PO-2024-0001174,1,PROD_003395,247,0.9588,0.21,236.82
PO-2024-0001175,1,PROD_000677,178,4.0961,0.1,729.11
PO-2024-0001176,1,PROD_000972,233,5.856,0.04,1364.45
PO-2024-0001177,1,PROD_002821,380,0.4821,0.21,183.2
PO-2024-0001178,1,PROD_003376,380,2.2188,0.21,843.14
PO-2024-0001179,1,PROD_000945,445,1.764,0.04,784.98
PO-2024-0001180,1,PROD_003240,576,1.2177,0.1,701.4
PO-2024-0001180,2,PROD_000369,340,0.5698,0.1,193.73
PO-2024-0001181,1,PROD_000094,294,1.1108,0.21,326.58
PO-2024-0001182,1,PROD_000462,317,1.9972,0.04,633.11
PO-2024-0001182,2,PROD_000972,403,6.6236,0.04,2669.31
PO-2024-0001183,1,PROD_001125,355,1.4341,0.1,509.11
PO-2024-0001184,1,PROD_002455,131,2.5798,0.21,337.95
PO-2024-0001185,1,PROD_003367,222,0.9009,0.21,200.0
PO-2024-0001186,1,PROD_001053,288,0.7675,0.21,221.04
PO-2024-0001187,1,PROD_002374,368,1.5279,0.1,562.27
PO-2024-0001188,1,PROD_001485,247,7.1943,0.1,1776.99
PO-2024-0001189,1,PROD_002052,400,0.9153,0.04,366.12
PO-2024-0001190,1,PROD_002476,273,1.7295,0.1,472.15
PO-2024-0001191,1,PROD_000936,461,1.3093,0.04,603.59
PO-2024-0001192,1,PROD_000738,303,2.5234,0.21,764.59
PO-2024-0001193,1,PROD_003319,158,0.9413,0.21,148.73
PO-2024-0001194,1,PROD_000768,252,0.7967,0.21,200.77
PO-2024-0001195,1,PROD_002936,109,2.3584,0.21,257.07
PO-2024-0001196,1,PROD_000761,153,0.8256,0.21,126.32
PO-2024-0001197,1,PROD_000271,107,1.2244,0.1,131.01
PO-2024-0001197,2,PROD_002365,257,6.634,0.1,1704.94
PO-2024-0001198,1,PROD_003013,348,0.337,0.21,117.28
PO-2024-0001199,1,PROD_000792,388,0.7116,0.1,276.1
PO-2024-0001200,1,PROD_003351,429,0.9872,0.21,423.51
PO-2024-0001201,1,PROD_000552,217,0.9069,0.04,196.8
PO-2024-0001202,1,PROD_001207,268,2.2956,0.1,615.22
PO-2024-0001203,1,PROD_002064,445,1.3241,0.04,589.22
PO-2024-0001204,1,PROD_002006,170,1.2863,0.04,218.67
PO-2024-0001205,1,PROD_003362,576,17.0517,0.21,9821.78
PO-2024-0001206,1,PROD_003584,436,2.1275,0.1,927.59
PO-2024-0001207,1,PROD_000578,433,2.4994,0.1,1082.24
PO-2024-0001208,1,PROD_003116,310,0.6867,0.21,212.88
PO-2024-0001209,1,PROD_002102,165,2.141,0.1,353.26
PO-2024-0001210,1,PROD_000201,423,5.4971,0.1,2325.27
PO-2024-0001211,1,PROD_002282,322,1.5818,0.04,509.34
PO-2024-0001212,1,PROD_002834,153,3.6813,0.21,563.24
PO-2024-0001213,1,PROD_002828,141,2.8464,0.1,401.34
PO-2024-0001214,1,PROD_001548,114,1.4626,0.1,166.74
PO-2024-0001215,1,PROD_001766,195,0.7981,0.04,155.63
PO-2024-0001216,1,PROD_003711,151,0.7415,0.21,111.97
PO-2024-0001217,1,PROD_003181,143,2.1295,0.21,304.52
PO-2024-0001218,1,PROD_001031,323,1.1043,0.04,356.69
PO-2024-0001219,1,PROD_002846,257,2.1351,0.21,548.72
PO-2024-0001220,1,PROD_001318,232,0.9045,0.1,209.84
PO-2024-0001221,1,PROD_002444,173,2.2658,0.1,391.98
PO-2024-0001222,1,PROD_002069,300,1.1431,0.1,342.93
PO-2024-0001223,1,PROD_003459,198,0.9891,0.21,195.84
PO-2024-0001224,1,PROD_001541,337,0.9349,0.1,315.06
PO-2024-0001225,1,PROD_000878,406,1.366,0.04,554.6
PO-2024-0001226,1,PROD_000416,172,1.3317,0.1,229.05
PO-2024-0001227,1,PROD_002040,255,5.3732,0.1,1370.17
PO-2024-0001228,1,PROD_001363,322,0.9699,0.04,312.31
PO-2024-0001229,1,PROD_000461,125,1.2274,0.04,153.43
PO-2024-0001230,1,PROD_002404,522,2.8428,0.1,1483.94
PO-2024-0001231,1,PROD_002945,230,0.9212,0.21,211.88
PO-2024-0001231,2,PROD_003244,357,1.8279,0.21,652.56
PO-2024-0001232,1,PROD_000731,281,2.6141,0.21,734.56
PO-2024-0001233,1,PROD_000753,202,1.4833,0.21,299.63
PO-2024-0001233,2,PROD_001484,285,0.8284,0.1,236.09
PO-2024-0001234,1,PROD_001843,138,4.3986,0.04,607.01
PO-2024-0001235,1,PROD_001736,171,1.9158,0.1,327.6
PO-2024-0001236,1,PROD_001329,147,2.2196,0.04,326.28
PO-2024-0001237,1,PROD_001884,174,0.784,0.1,136.42
PO-2024-0001237,2,PROD_003165,263,2.574,0.21,676.96
PO-2024-0001238,1,PROD_000498,262,1.7457,0.1,457.37
PO-2024-0001239,1,PROD_002533,360,0.7895,0.1,284.22
PO-2024-0001240,1,PROD_000525,351,0.3459,0.1,121.41
PO-2024-0001241,1,PROD_000865,166,0.5448,0.04,90.44
PO-2024-0001242,1,PROD_003026,131,0.7681,0.1,100.62
PO-2024-0001243,1,PROD_000955,216,1.058,0.04,228.53
PO-2024-0001244,1,PROD_001086,366,4.1109,0.04,1504.59
PO-2024-0001245,1,PROD_000307,296,3.5397,0.21,1047.75
PO-2024-0001246,1,PROD_003038,237,0.9775,0.21,231.67
PO-2024-0001247,1,PROD_000902,285,0.522,0.1,148.77
PO-2024-0001248,1,PROD_000409,555,1.0505,0.04,583.03
PO-2024-0001249,1,PROD_003503,190,0.8063,0.21,153.2
PO-2024-0001250,1,PROD_000826,485,0.7438,0.1,360.74
PO-2024-0001250,2,PROD_001658,330,1.7003,0.1,561.1
PO-2024-0001251,1,PROD_002229,141,1.5,0.1,211.5
PO-2024-0001252,1,PROD_000869,111,0.8859,0.1,98.33
PO-2024-0001253,1,PROD_000409,200,0.9424,0.04,188.48
PO-2024-0001254,1,PROD_001262,274,2.7498,0.21,753.45
PO-2024-0001255,1,PROD_002368,281,3.7691,0.1,1059.12
PO-2024-0001256,1,PROD_001556,380,1.7041,0.1,647.56
PO-2024-0001256,2,PROD_002760,437,2.3867,0.21,1042.99
PO-2024-0001257,1,PROD_002103,225,4.7265,0.04,1063.46
PO-2024-0001257,2,PROD_001826,332,7.8316,0.04,2600.09
PO-2024-0001258,1,PROD_003650,312,2.1751,0.1,678.63
PO-2024-0001259,1,PROD_003478,296,0.4729,0.21,139.98
PO-2024-0001260,1,PROD_001312,118,4.0587,0.1,478.93
PO-2024-0001261,1,PROD_002388,255,2.3553,0.1,600.6
PO-2024-0001262,1,PROD_001150,369,1.3904,0.1,513.06
PO-2024-0001263,1,PROD_003558,348,3.64,0.21,1266.72
PO-2024-0001264,1,PROD_002473,354,1.9445,0.1,688.35
PO-2024-0001265,1,PROD_003621,154,8.9075,0.1,1371.76
PO-2024-0001265,2,PROD_001240,244,0.8022,0.1,195.74
PO-2024-0001266,1,PROD_003495,178,2.295,0.21,408.51
PO-2024-0001267,1,PROD_002579,183,2.1215,0.21,388.23
PO-2024-0001268,1,PROD_002516,214,1.2764,0.04,273.15
PO-2024-0001268,2,PROD_001418,144,8.6827,0.04,1250.31
PO-2024-0001269,1,PROD_003507,315,0.7748,0.21,244.06
PO-2024-0001270,1,PROD_001394,122,2.2494,0.1,274.43
PO-2024-0001271,1,PROD_000569,269,0.2983,0.21,80.24
