stockout_id,date,customer_id,product_id,location_type,location_id,quantity_requested,quantity_available
STO_00000001,2024-01-01,CUST_008D610461E3,PROD_001488,DC,DC_BCN,2,0
STO_00000002,2024-01-01,CUST_655243FF5011,PROD_002976,STORE,ST_00076,3,0
STO_00000003,2024-01-01,CUST_655243FF5011,PROD_002911,STORE,ST_00076,1,0
STO_00000004,2024-01-01,CUST_655243FF5011,PROD_002534,STORE,ST_00076,7,0
STO_00000005,2024-01-01,CUST_655243FF5011,PROD_003019,STORE,ST_00076,1,0
STO_00000006,2024-01-01,CUST_655243FF5011,PROD_002484,STORE,ST_00076,2,0
STO_00000007,2024-01-01,CUST_655243FF5011,PROD_001127,STORE,ST_00076,1,0
STO_00000008,2024-01-01,CUST_B86623D4526B,PROD_000151,DC,DC_ZGZ,1,0
STO_00000009,2024-01-02,CUST_624FBAE1E137,PROD_001579,STORE,ST_00938,1,0
STO_00000010,2024-01-03,CUST_25E98D7248E2,PROD_002681,STORE,ST_00981,2,0
STO_00000011,2024-01-03,CUST_25E98D7248E2,PROD_002020,STORE,ST_00981,1,0
STO_00000012,2024-01-03,CUST_25E98D7248E2,PROD_001902,STORE,ST_00981,1,0
STO_00000013,2024-01-03,CUST_25E98D7248E2,PROD_001503,STORE,ST_00981,5,0
STO_00000014,2024-01-03,CUST_A2119FD34579,PROD_003684,DC,DC_BCN,1,0
STO_00000015,2024-01-03,CUST_80BB6EC01269,PROD_003013,DC,DC_BCN,1,0
STO_00000016,2024-01-03,CUST_8E038E969227,PROD_000945,STORE,ST_00938,2,0
STO_00000017,2024-01-03,CUST_CC393B5AE288,PROD_001474,STORE,ST_00938,3,0
STO_00000018,2024-01-03,CUST_CC393B5AE288,PROD_000945,STORE,ST_00938,3,0
STO_00000019,2024-01-03,CUST_CC393B5AE288,PROD_003469,STORE,ST_00938,4,0
STO_00000020,2024-01-03,CUST_CC393B5AE288,PROD_002051,STORE,ST_00938,3,0
STO_00000021,2024-01-03,CUST_CC393B5AE288,PROD_002389,STORE,ST_00938,4,0
STO_00000022,2024-01-04,CUST_6DAA8861FE18,PROD_000849,STORE,ST_00076,2,0
STO_00000023,2024-01-04,CUST_6DAA8861FE18,PROD_000635,STORE,ST_00076,6,0
STO_00000024,2024-01-04,CUST_6DAA8861FE18,PROD_002419,STORE,ST_00076,1,0
STO_00000025,2024-01-05,CUST_5C623A3C563E,PROD_000831,STORE,ST_00981,2,0
STO_00000026,2024-01-05,CUST_4758A6499CDC,PROD_002395,STORE,ST_00952,4,0
STO_00000027,2024-01-05,CUST_4758A6499CDC,PROD_000377,STORE,ST_00952,1,0
STO_00000028,2024-01-05,CUST_8962929C93B3,PROD_001044,DC,DC_MAD,2,0
STO_00000029,2024-01-07,CUST_1C0FAC7E937C,PROD_002962,DC,DC_ZGZ,1,0
STO_00000030,2024-01-08,CUST_55FA458F1F19,PROD_002458,STORE,ST_00952,3,0
STO_00000031,2024-01-08,CUST_55FA458F1F19,PROD_000574,STORE,ST_00952,1,0
STO_00000032,2024-01-09,CUST_98159D713084,PROD_000323,DC,DC_BCN,1,0
STO_00000033,2024-01-09,CUST_774F7316CE64,PROD_003085,STORE,ST_00374,1,0
STO_00000034,2024-01-09,CUST_774F7316CE64,PROD_003288,STORE,ST_00374,4,0
STO_00000035,2024-01-09,CUST_774F7316CE64,PROD_002689,STORE,ST_00374,2,0
STO_00000036,2024-01-10,CUST_ABF3FEC21BBE,PROD_000168,DC,DC_ZGZ,3,0
STO_00000037,2024-01-10,CUST_ABF3FEC21BBE,PROD_003047,DC,DC_ZGZ,3,0
STO_00000038,2024-01-10,CUST_413530A900AD,PROD_001097,STORE,ST_00076,3,0
STO_00000039,2024-01-10,CUST_413530A900AD,PROD_001862,STORE,ST_00076,1,0
STO_00000040,2024-01-10,CUST_413530A900AD,PROD_000380,STORE,ST_00076,3,0
STO_00000041,2024-01-10,CUST_413530A900AD,PROD_001127,STORE,ST_00076,2,0
STO_00000042,2024-01-10,CUST_413530A900AD,PROD_002571,STORE,ST_00076,1,0
STO_00000043,2024-01-10,CUST_70E704D9145E,PROD_001594,STORE,ST_00938,3,0
STO_00000044,2024-01-10,CUST_70E704D9145E,PROD_003406,STORE,ST_00938,1,0
STO_00000045,2024-01-10,CUST_70E704D9145E,PROD_000752,STORE,ST_00938,1,0
STO_00000046,2024-01-11,CUST_E709329FC417,PROD_001929,DC,DC_VLC,3,0
STO_00000047,2024-01-12,CUST_64DEE82C7D7B,PROD_002658,DC,DC_ZGZ,1,0
STO_00000048,2024-01-13,CUST_F4E7A4540937,PROD_000228,STORE,ST_00952,1,0
STO_00000049,2024-01-13,CUST_F4E7A4540937,PROD_002469,STORE,ST_00952,6,0
STO_00000050,2024-01-13,CUST_F4E7A4540937,PROD_000949,STORE,ST_00952,1,0
STO_00000051,2024-01-14,CUST_95D8FF37D19C,PROD_002658,DC,DC_ZGZ,1,0
STO_00000052,2024-01-16,CUST_99181497D658,PROD_002830,DC,DC_ZGZ,1,0
STO_00000053,2024-01-17,CUST_BE05965BEFDF,PROD_000152,STORE,ST_00981,2,0
STO_00000054,2024-01-17,CUST_BE05965BEFDF,PROD_002333,STORE,ST_00981,1,0
STO_00000055,2024-01-17,CUST_284C27D415B6,PROD_003455,STORE,ST_00952,4,0
STO_00000056,2024-01-17,CUST_284C27D415B6,PROD_002445,STORE,ST_00952,1,0
STO_00000057,2024-01-17,CUST_CC393B5AE288,PROD_003370,STORE,ST_00938,3,0
STO_00000058,2024-01-17,CUST_CC393B5AE288,PROD_002886,STORE,ST_00938,2,0
STO_00000059,2024-01-17,CUST_CC393B5AE288,PROD_000283,STORE,ST_00938,1,0
STO_00000060,2024-01-17,CUST_CC393B5AE288,PROD_000585,STORE,ST_00938,2,0
STO_00000061,2024-01-19,CUST_42D951976E75,PROD_002053,STORE,ST_00952,3,0
STO_00000062,2024-01-22,CUST_4D29345512F7,PROD_002271,STORE,ST_00952,1,0
STO_00000063,2024-01-23,CUST_A48ED0421DFA,PROD_000067,STORE,ST_00952,1,0
STO_00000064,2024-01-23,CUST_A48ED0421DFA,PROD_003100,STORE,ST_00952,2,0
STO_00000065,2024-01-23,CUST_A48ED0421DFA,PROD_003594,STORE,ST_00952,1,0
STO_00000066,2024-01-23,CUST_A48ED0421DFA,PROD_003461,STORE,ST_00952,1,0
STO_00000067,2024-01-23,CUST_5C0BA757CB10,PROD_002237,DC,DC_MAD,1,0
STO_00000068,2024-01-23,CUST_9DF29E825AAE,PROD_000225,STORE,ST_00277,2,0
STO_00000069,2024-01-23,CUST_9DF29E825AAE,PROD_000601,STORE,ST_00277,7,0
STO_00000070,2024-01-23,CUST_9DF29E825AAE,PROD_001901,STORE,ST_00277,2,0
STO_00000071,2024-01-23,CUST_FE89D9CB3540,PROD_000360,DC,DC_ZGZ,3,0
STO_00000072,2024-01-25,CUST_04AA5CA0C428,PROD_002086,STORE,ST_00952,2,0
STO_00000073,2024-01-25,CUST_04AA5CA0C428,PROD_002839,STORE,ST_00952,1,0
STO_00000074,2024-01-25,CUST_A48ED0421DFA,PROD_001101,STORE,ST_00952,1,0
STO_00000075,2024-01-25,CUST_A48ED0421DFA,PROD_002665,STORE,ST_00952,1,0
STO_00000076,2024-01-25,CUST_A48ED0421DFA,PROD_002653,STORE,ST_00952,4,0
STO_00000077,2024-01-26,CUST_D3636F81CF4F,PROD_000497,STORE,ST_00938,1,0
STO_00000078,2024-01-26,CUST_585A7BFDCC12,PROD_001920,STORE,ST_00938,1,0
STO_00000079,2024-01-26,CUST_45F52E2FBF77,PROD_000111,DC,DC_BCN,1,0
STO_00000080,2024-01-26,CUST_4EFCE10B1A47,PROD_003503,STORE,ST_00374,2,0
STO_00000081,2024-01-26,CUST_4EFCE10B1A47,PROD_002169,STORE,ST_00374,2,0
STO_00000082,2024-01-26,CUST_4EFCE10B1A47,PROD_002812,STORE,ST_00374,1,0
STO_00000083,2024-01-26,CUST_4EFCE10B1A47,PROD_003324,STORE,ST_00374,5,0
STO_00000084,2024-01-26,CUST_4EFCE10B1A47,PROD_002605,STORE,ST_00374,1,0
STO_00000085,2024-01-26,CUST_4EFCE10B1A47,PROD_002935,STORE,ST_00374,1,0
STO_00000086,2024-01-26,CUST_4EFCE10B1A47,PROD_001564,STORE,ST_00374,2,0
STO_00000087,2024-01-26,CUST_4EFCE10B1A47,PROD_000051,STORE,ST_00374,2,0
STO_00000088,2024-01-26,CUST_4EFCE10B1A47,PROD_002608,STORE,ST_00374,1,0
STO_00000089,2024-01-26,CUST_4EFCE10B1A47,PROD_002629,STORE,ST_00374,1,0
STO_00000090,2024-01-27,CUST_E6B3CB323E35,PROD_003585,STORE,ST_00981,2,0
STO_00000091,2024-01-27,CUST_E6B3CB323E35,PROD_002617,STORE,ST_00981,1,0
STO_00000092,2024-01-27,CUST_966BFCD6BDCA,PROD_003376,DC,DC_ZGZ,3,0
STO_00000093,2024-01-27,CUST_284C27D415B6,PROD_003461,STORE,ST_00952,2,0
STO_00000094,2024-01-27,CUST_284C27D415B6,PROD_003501,STORE,ST_00952,1,0
STO_00000095,2024-01-27,CUST_284C27D415B6,PROD_003301,STORE,ST_00952,8,0
STO_00000096,2024-01-27,CUST_4D29345512F7,PROD_003208,DC,DC_BCN,1,0
STO_00000097,2024-01-27,CUST_58F0AAF78C67,PROD_002936,STORE,ST_01294,3,0
STO_00000098,2024-01-27,CUST_58F0AAF78C67,PROD_002162,STORE,ST_01294,6,0
STO_00000099,2024-01-27,CUST_58F0AAF78C67,PROD_001867,STORE,ST_01294,5,0
STO_00000100,2024-01-27,CUST_E709329FC417,PROD_000736,STORE,ST_00277,2,0
STO_00000101,2024-01-27,CUST_B27B68C690B2,PROD_001930,STORE,ST_01403,1,0
STO_00000102,2024-01-27,CUST_B27B68C690B2,PROD_001718,STORE,ST_01403,1,0
STO_00000103,2024-01-28,CUST_A3010E5D8C6A,PROD_002940,STORE,ST_00076,2,0
STO_00000104,2024-01-28,CUST_A3010E5D8C6A,PROD_002592,STORE,ST_00076,3,0
STO_00000105,2024-01-28,CUST_A3010E5D8C6A,PROD_000429,STORE,ST_00076,2,0
STO_00000106,2024-01-28,CUST_A3010E5D8C6A,PROD_002665,STORE,ST_00076,2,0
STO_00000107,2024-01-28,CUST_A3010E5D8C6A,PROD_001976,STORE,ST_00076,4,0
STO_00000108,2024-01-28,CUST_A3010E5D8C6A,PROD_003719,STORE,ST_00076,1,0
STO_00000109,2024-01-28,CUST_A3010E5D8C6A,PROD_001110,STORE,ST_00076,1,0
STO_00000110,2024-01-29,CUST_D3636F81CF4F,PROD_001707,STORE,ST_00938,1,0
STO_00000111,2024-01-29,CUST_D3636F81CF4F,PROD_003707,STORE,ST_00938,2,0
STO_00000112,2024-01-29,CUST_D3636F81CF4F,PROD_002063,STORE,ST_00938,1,0
STO_00000113,2024-01-29,CUST_95D8FF37D19C,PROD_000938,DC,DC_ZGZ,1,0
STO_00000114,2024-01-29,CUST_66C18255DA61,PROD_002655,STORE,ST_00938,1,0
STO_00000115,2024-01-29,CUST_34871A9C672A,PROD_000794,STORE,ST_01294,3,0
STO_00000116,2024-01-29,CUST_E709329FC417,PROD_000590,DC,DC_VLC,1,0
STO_00000117,2024-01-30,CUST_AD23DC322C97,PROD_002587,DC,DC_MAD,1,0
STO_00000118,2024-01-30,CUST_AD23DC322C97,PROD_001771,DC,DC_MAD,1,0
STO_00000119,2024-01-30,CUST_0F25A55990E7,PROD_002593,STORE,ST_00952,1,0
STO_00000120,2024-01-30,CUST_0F25A55990E7,PROD_003527,STORE,ST_00952,5,0
STO_00000121,2024-01-30,CUST_0F25A55990E7,PROD_000067,STORE,ST_00952,3,0
STO_00000122,2024-01-30,CUST_0F25A55990E7,PROD_003501,STORE,ST_00952,5,0
STO_00000123,2024-01-30,CUST_0F25A55990E7,PROD_000779,STORE,ST_00952,5,0
STO_00000124,2024-01-30,CUST_0F25A55990E7,PROD_002964,STORE,ST_00952,1,0
STO_00000125,2024-01-31,CUST_25E98D7248E2,PROD_002964,STORE,ST_00981,3,0
STO_00000126,2024-01-31,CUST_DD46475287AA,PROD_002420,DC,DC_BCN,1,0
STO_00000127,2024-01-31,CUST_A2119FD34579,PROD_003423,STORE,ST_00981,8,0
STO_00000128,2024-01-31,CUST_A2119FD34579,PROD_001582,STORE,ST_00981,2,0
STO_00000129,2024-01-31,CUST_A2119FD34579,PROD_001101,STORE,ST_00981,5,0
STO_00000130,2024-01-31,CUST_A2119FD34579,PROD_003321,STORE,ST_00981,2,0
STO_00000131,2024-01-31,CUST_A2119FD34579,PROD_002570,STORE,ST_00981,6,0
STO_00000132,2024-01-31,CUST_45F52E2FBF77,PROD_000439,DC,DC_BCN,4,0
STO_00000133,2024-01-31,CUST_4758A6499CDC,PROD_003060,STORE,ST_00952,1,0
STO_00000134,2024-01-31,CUST_4758A6499CDC,PROD_002665,STORE,ST_00952,3,0
STO_00000135,2024-01-31,CUST_4758A6499CDC,PROD_002582,STORE,ST_00952,1,0
STO_00000136,2024-01-31,CUST_4758A6499CDC,PROD_003381,STORE,ST_00952,2,0
STO_00000137,2024-01-31,CUST_92CF1F33242D,PROD_002393,STORE,ST_00076,1,0
STO_00000138,2024-01-31,CUST_92CF1F33242D,PROD_001392,STORE,ST_00076,2,0
STO_00000139,2024-01-31,CUST_1036D9A09007,PROD_003211,STORE,ST_01403,1,0
STO_00000140,2024-01-31,CUST_1036D9A09007,PROD_001264,STORE,ST_01403,2,0
STO_00000141,2024-02-01,CUST_30B1310C0C00,PROD_000480,STORE,ST_00981,1,0
STO_00000142,2024-02-01,CUST_30B1310C0C00,PROD_003593,STORE,ST_00981,1,0
STO_00000143,2024-02-01,CUST_30B1310C0C00,PROD_000945,STORE,ST_00981,2,0
STO_00000144,2024-02-01,CUST_30B1310C0C00,PROD_003026,STORE,ST_00981,2,0
STO_00000145,2024-02-01,CUST_A48ED0421DFA,PROD_000877,STORE,ST_00952,4,0
STO_00000146,2024-02-01,CUST_592A7BA109D0,PROD_000863,STORE,ST_00076,2,0
STO_00000147,2024-02-01,CUST_592A7BA109D0,PROD_000980,STORE,ST_00076,3,0
STO_00000148,2024-02-01,CUST_592A7BA109D0,PROD_003556,STORE,ST_00076,2,0
STO_00000149,2024-02-01,CUST_34871A9C672A,PROD_000609,DC,DC_SEV,4,0
STO_00000150,2024-02-01,CUST_34871A9C672A,PROD_000848,DC,DC_SEV,1,0
STO_00000151,2024-02-02,CUST_C7745543FC3C,PROD_001914,DC,DC_ZGZ,2,0
STO_00000152,2024-02-02,CUST_C4F97630A8A7,PROD_001126,DC,DC_ZGZ,1,0
STO_00000153,2024-02-02,CUST_EADA4970ED9A,PROD_003497,STORE,ST_00076,6,0
STO_00000154,2024-02-02,CUST_EADA4970ED9A,PROD_000241,STORE,ST_00076,1,0
STO_00000155,2024-02-02,CUST_EADA4970ED9A,PROD_001939,STORE,ST_00076,1,0
STO_00000156,2024-02-02,CUST_92CF1F33242D,PROD_002500,STORE,ST_00076,1,0
STO_00000157,2024-02-03,CUST_E8DD1712FB16,PROD_003624,DC,DC_SEV,5,0
STO_00000158,2024-02-05,CUST_FBE9DBC080FD,PROD_001395,DC,DC_BCN,1,0
STO_00000159,2024-02-05,CUST_98159D713084,PROD_002103,STORE,ST_00938,4,0
STO_00000160,2024-02-05,CUST_98159D713084,PROD_001191,STORE,ST_00938,3,0
STO_00000161,2024-02-05,CUST_5C0BA757CB10,PROD_001183,DC,DC_MAD,1,0
STO_00000162,2024-02-06,CUST_255B7E3D5EE4,PROD_002874,STORE,ST_00359,3,0
STO_00000163,2024-02-06,CUST_C1D7F3025D16,PROD_003090,STORE,ST_00952,1,0
STO_00000164,2024-02-06,CUST_C1D7F3025D16,PROD_001867,STORE,ST_00952,1,0
STO_00000165,2024-02-07,CUST_D854DFCAF0B7,PROD_002382,STORE,ST_01403,2,0
STO_00000166,2024-02-07,CUST_D854DFCAF0B7,PROD_000299,STORE,ST_01403,2,0
STO_00000167,2024-02-07,CUST_D854DFCAF0B7,PROD_000893,STORE,ST_01403,1,0
STO_00000168,2024-02-07,CUST_D854DFCAF0B7,PROD_002469,STORE,ST_01403,6,0
STO_00000169,2024-02-07,CUST_D854DFCAF0B7,PROD_002457,STORE,ST_01403,6,0
STO_00000170,2024-02-07,CUST_C0D7095FFA81,PROD_002557,DC,DC_MAD,4,0
STO_00000171,2024-02-07,CUST_562819DD3E8C,PROD_002085,STORE,ST_00981,3,0
STO_00000172,2024-02-07,CUST_562819DD3E8C,PROD_001452,STORE,ST_00981,3,0
STO_00000173,2024-02-08,CUST_513A986F9025,PROD_003552,STORE,ST_01425,4,0
STO_00000174,2024-02-08,CUST_513A986F9025,PROD_001118,STORE,ST_01425,2,0
STO_00000175,2024-02-08,CUST_513A986F9025,PROD_003149,STORE,ST_01425,1,0
STO_00000176,2024-02-08,CUST_513A986F9025,PROD_002208,STORE,ST_01425,5,0
STO_00000177,2024-02-08,CUST_513A986F9025,PROD_000158,STORE,ST_01425,4,0
STO_00000178,2024-02-08,CUST_9C2EEA4E3617,PROD_002774,STORE,ST_00952,1,0
STO_00000179,2024-02-08,CUST_9A6C52171C88,PROD_003205,DC,DC_VLC,1,0
STO_00000180,2024-02-08,CUST_0E61171B1B80,PROD_001796,DC,DC_ZGZ,2,0
STO_00000181,2024-02-09,CUST_655243FF5011,PROD_002965,DC,DC_SEV,2,0
STO_00000182,2024-02-09,CUST_5C623A3C563E,PROD_002724,STORE,ST_00981,1,0
STO_00000183,2024-02-09,CUST_5C623A3C563E,PROD_001466,STORE,ST_00981,4,0
STO_00000184,2024-02-09,CUST_562819DD3E8C,PROD_001509,STORE,ST_00981,1,0
STO_00000185,2024-02-09,CUST_AB0B15F0EA19,PROD_003535,STORE,ST_00952,5,0
STO_00000186,2024-02-09,CUST_AB0B15F0EA19,PROD_002679,STORE,ST_00952,2,0
STO_00000187,2024-02-09,CUST_AB0B15F0EA19,PROD_003490,STORE,ST_00952,2,0
STO_00000188,2024-02-09,CUST_AB0B15F0EA19,PROD_002949,STORE,ST_00952,3,0
STO_00000189,2024-02-10,CUST_4758A6499CDC,PROD_001418,DC,DC_BCN,3,0
STO_00000190,2024-02-10,CUST_58F0AAF78C67,PROD_002284,STORE,ST_01294,2,0
STO_00000191,2024-02-10,CUST_58F0AAF78C67,PROD_003060,STORE,ST_01294,4,0
STO_00000192,2024-02-10,CUST_58F0AAF78C67,PROD_003185,STORE,ST_01294,1,0
STO_00000193,2024-02-10,CUST_58F0AAF78C67,PROD_003667,STORE,ST_01294,1,0
STO_00000194,2024-02-10,CUST_1036D9A09007,PROD_003368,STORE,ST_01403,1,0
STO_00000195,2024-02-10,CUST_1036D9A09007,PROD_000894,STORE,ST_01403,2,0
STO_00000196,2024-02-10,CUST_1036D9A09007,PROD_001753,STORE,ST_01403,3,0
STO_00000197,2024-02-10,CUST_1036D9A09007,PROD_003533,STORE,ST_01403,3,0
STO_00000198,2024-02-10,CUST_1036D9A09007,PROD_000354,STORE,ST_01403,1,0
STO_00000199,2024-02-11,CUST_5C623A3C563E,PROD_001086,STORE,ST_00981,1,0
STO_00000200,2024-02-11,CUST_5C623A3C563E,PROD_002923,STORE,ST_00981,1,0
STO_00000201,2024-02-11,CUST_5C623A3C563E,PROD_000894,STORE,ST_00981,1,0
STO_00000202,2024-02-11,CUST_A48ED0421DFA,PROD_003442,STORE,ST_00952,7,0
STO_00000203,2024-02-11,CUST_562819DD3E8C,PROD_003382,STORE,ST_00981,3,0
STO_00000204,2024-02-11,CUST_562819DD3E8C,PROD_002205,STORE,ST_00981,1,0
STO_00000205,2024-02-12,CUST_284C27D415B6,PROD_000443,STORE,ST_00952,1,0
STO_00000206,2024-02-12,CUST_07F8F3EA0184,PROD_001442,STORE,ST_00938,2,0
STO_00000207,2024-02-13,CUST_EADA4970ED9A,PROD_003308,STORE,ST_00076,2,0
STO_00000208,2024-02-13,CUST_FFE3BF337A15,PROD_000169,STORE,ST_00076,3,0
STO_00000209,2024-02-13,CUST_BF3182BBAD84,PROD_002163,STORE,ST_00952,2,0
STO_00000210,2024-02-13,CUST_BF3182BBAD84,PROD_000776,STORE,ST_00952,2,0
STO_00000211,2024-02-13,CUST_BF3182BBAD84,PROD_002443,STORE,ST_00952,1,0
STO_00000212,2024-02-13,CUST_BF3182BBAD84,PROD_001245,STORE,ST_00952,2,0
STO_00000213,2024-02-13,CUST_89EC98CBAA52,PROD_000765,STORE,ST_00981,2,0
STO_00000214,2024-02-13,CUST_9F6ABD54DA04,PROD_003087,DC,DC_MAD,1,0
STO_00000215,2024-02-13,CUST_E709329FC417,PROD_000940,DC,DC_VLC,1,0
STO_00000216,2024-02-13,CUST_E709329FC417,PROD_000319,DC,DC_VLC,1,0
STO_00000217,2024-02-14,CUST_A87990422EB7,PROD_000011,DC,DC_ZGZ,1,0
STO_00000218,2024-02-14,CUST_D1F1429A4A7C,PROD_003226,DC,DC_MAD,1,0
STO_00000219,2024-02-15,CUST_CDCCA9434AA0,PROD_002787,DC,DC_ZGZ,3,0
STO_00000220,2024-02-15,CUST_58F0AAF78C67,PROD_001285,STORE,ST_01294,2,0
STO_00000221,2024-02-15,CUST_F6D2AEC76A82,PROD_001266,DC,DC_ZGZ,3,0
STO_00000222,2024-02-16,CUST_B27B68C690B2,PROD_002164,DC,DC_ZGZ,4,0
STO_00000223,2024-02-17,CUST_8A0B36D8393A,PROD_000270,DC,DC_MAD,5,0
STO_00000224,2024-02-17,CUST_8A0B36D8393A,PROD_003489,DC,DC_MAD,4,0
STO_00000225,2024-02-17,CUST_93D551A3AC26,PROD_001287,DC,DC_MAD,1,0
STO_00000226,2024-02-17,CUST_5EFED8DDBBC0,PROD_003521,DC,DC_SEV,4,0
STO_00000227,2024-02-17,CUST_B86623D4526B,PROD_002445,DC,DC_ZGZ,1,0
STO_00000228,2024-02-17,CUST_B86623D4526B,PROD_000180,DC,DC_ZGZ,1,0
STO_00000229,2024-02-17,CUST_A3010E5D8C6A,PROD_000399,STORE,ST_00076,7,0
STO_00000230,2024-02-17,CUST_A3010E5D8C6A,PROD_000608,STORE,ST_00076,1,0
STO_00000231,2024-02-17,CUST_774F7316CE64,PROD_000595,STORE,ST_00374,2,0
STO_00000232,2024-02-17,CUST_774F7316CE64,PROD_003583,STORE,ST_00374,2,0
STO_00000233,2024-02-17,CUST_774F7316CE64,PROD_000182,STORE,ST_00374,2,0
STO_00000234,2024-02-18,CUST_1036D9A09007,PROD_001820,DC,DC_ZGZ,6,0
STO_00000235,2024-02-19,CUST_BF3182BBAD84,PROD_000443,STORE,ST_00952,2,0
STO_00000236,2024-02-19,CUST_BF3182BBAD84,PROD_002144,STORE,ST_00952,1,0
STO_00000237,2024-02-19,CUST_BF3182BBAD84,PROD_002188,STORE,ST_00952,4,0
STO_00000238,2024-02-19,CUST_BF3182BBAD84,PROD_001391,STORE,ST_00952,1,0
STO_00000239,2024-02-19,CUST_BE1590CE77E9,PROD_000229,DC,DC_ZGZ,2,0
STO_00000240,2024-02-19,CUST_BE1590CE77E9,PROD_002331,DC,DC_ZGZ,2,0
STO_00000241,2024-02-19,CUST_7A1036A2C52B,PROD_000169,STORE,ST_00076,2,0
STO_00000242,2024-02-19,CUST_7A1036A2C52B,PROD_002040,STORE,ST_00076,2,0
STO_00000243,2024-02-20,CUST_EFFA3040413C,PROD_002975,STORE,ST_00981,1,0
STO_00000244,2024-02-20,CUST_EFFA3040413C,PROD_001509,STORE,ST_00981,4,0
STO_00000245,2024-02-20,CUST_EFFA3040413C,PROD_000890,STORE,ST_00981,2,0
STO_00000246,2024-02-20,CUST_EFFA3040413C,PROD_001810,STORE,ST_00981,1,0
STO_00000247,2024-02-20,CUST_B86623D4526B,PROD_000058,DC,DC_ZGZ,1,0
STO_00000248,2024-02-21,CUST_55FA458F1F19,PROD_000774,STORE,ST_00952,1,0
STO_00000249,2024-02-22,CUST_9A3A6E3C4532,PROD_001924,STORE,ST_00938,4,0
STO_00000250,2024-02-22,CUST_1A57C5F8E2F8,PROD_000034,STORE,ST_00938,1,0
STO_00000251,2024-02-22,CUST_1A57C5F8E2F8,PROD_003392,STORE,ST_00938,1,0
STO_00000252,2024-02-23,CUST_4EFCE10B1A47,PROD_000675,STORE,ST_00374,2,0
STO_00000253,2024-02-23,CUST_4EFCE10B1A47,PROD_003583,STORE,ST_00374,2,0
STO_00000254,2024-02-23,CUST_4EFCE10B1A47,PROD_001312,STORE,ST_00374,3,0
STO_00000255,2024-02-24,CUST_92CA6DE59332,PROD_002561,DC,DC_VLC,2,0
STO_00000256,2024-02-26,CUST_32735373BF4D,PROD_001024,STORE,ST_00076,1,0
STO_00000257,2024-02-26,CUST_32735373BF4D,PROD_000188,STORE,ST_00076,1,0
STO_00000258,2024-02-26,CUST_32735373BF4D,PROD_001249,STORE,ST_00076,1,0
STO_00000259,2024-02-26,CUST_32735373BF4D,PROD_000192,STORE,ST_00076,1,0
STO_00000260,2024-02-26,CUST_32735373BF4D,PROD_002647,STORE,ST_00076,1,0
STO_00000261,2024-02-26,CUST_D37445712959,PROD_002958,DC,DC_MAD,1,0
STO_00000262,2024-02-27,CUST_B3EE5A104129,PROD_000187,STORE,ST_01294,1,0
STO_00000263,2024-02-27,CUST_04AA5CA0C428,PROD_000614,STORE,ST_00952,2,0
STO_00000264,2024-02-27,CUST_04AA5CA0C428,PROD_000215,STORE,ST_00952,1,0
STO_00000265,2024-02-27,CUST_04AA5CA0C428,PROD_003208,STORE,ST_00952,2,0
STO_00000266,2024-02-27,CUST_04AA5CA0C428,PROD_001566,STORE,ST_00952,3,0
STO_00000267,2024-02-27,CUST_04AA5CA0C428,PROD_003140,STORE,ST_00952,1,0
STO_00000268,2024-02-27,CUST_04AA5CA0C428,PROD_000048,STORE,ST_00952,1,0
STO_00000269,2024-02-27,CUST_04AA5CA0C428,PROD_002203,STORE,ST_00952,1,0
STO_00000270,2024-02-27,CUST_9D9D1BF645F6,PROD_001041,STORE,ST_00981,1,0
STO_00000271,2024-02-28,CUST_1CDC62C965B2,PROD_001243,DC,DC_MAD,1,0
STO_00000272,2024-03-01,CUST_93D551A3AC26,PROD_002774,DC,DC_MAD,1,0
STO_00000273,2024-03-02,CUST_B3EE5A104129,PROD_001970,STORE,ST_01294,2,0
STO_00000274,2024-03-02,CUST_B3EE5A104129,PROD_001323,STORE,ST_01294,4,0
STO_00000275,2024-03-02,CUST_7A1036A2C52B,PROD_003347,STORE,ST_00076,2,0
STO_00000276,2024-03-02,CUST_7A1036A2C52B,PROD_000134,STORE,ST_00076,1,0
STO_00000277,2024-03-03,CUST_49A2F7E8F8E5,PROD_000076,STORE,ST_00952,1,0
STO_00000278,2024-03-04,CUST_25E98D7248E2,PROD_001592,DC,DC_BCN,1,0
STO_00000279,2024-03-04,CUST_D7F3C2EFEECB,PROD_000099,STORE,ST_00277,1,0
STO_00000280,2024-03-04,CUST_D7F3C2EFEECB,PROD_003207,STORE,ST_00277,2,0
STO_00000281,2024-03-04,CUST_9F6ABD54DA04,PROD_000159,DC,DC_MAD,2,0
STO_00000282,2024-03-05,CUST_80BB6EC01269,PROD_000261,STORE,ST_00938,2,0
STO_00000283,2024-03-05,CUST_80BB6EC01269,PROD_001228,STORE,ST_00938,2,0
STO_00000284,2024-03-05,CUST_668C0B95017C,PROD_001718,DC,DC_BCN,1,0
STO_00000285,2024-03-05,CUST_592A7BA109D0,PROD_001511,STORE,ST_00076,1,0
STO_00000286,2024-03-05,CUST_592A7BA109D0,PROD_001155,STORE,ST_00076,1,0
STO_00000287,2024-03-05,CUST_9DF29E825AAE,PROD_003017,STORE,ST_00277,2,0
STO_00000288,2024-03-06,CUST_D37445712959,PROD_000781,DC,DC_MAD,1,0
STO_00000289,2024-03-06,CUST_D37445712959,PROD_001625,DC,DC_MAD,1,0
STO_00000290,2024-03-07,CUST_D37445712959,PROD_001632,DC,DC_MAD,4,0
STO_00000291,2024-03-09,CUST_5C623A3C563E,PROD_001502,DC,DC_BCN,2,0
STO_00000292,2024-03-09,CUST_EADA4970ED9A,PROD_002626,DC,DC_SEV,2,0
STO_00000293,2024-03-09,CUST_93D551A3AC26,PROD_002082,DC,DC_MAD,1,0
STO_00000294,2024-03-09,CUST_6FFFB2DC6C34,PROD_001315,DC,DC_MAD,1,0
STO_00000295,2024-03-09,CUST_FB8FD8B48EAD,PROD_000014,STORE,ST_00374,1,0
STO_00000296,2024-03-09,CUST_C1D7F3025D16,PROD_002088,STORE,ST_00952,2,0
STO_00000297,2024-03-09,CUST_C1D7F3025D16,PROD_001194,STORE,ST_00952,2,0
STO_00000298,2024-03-10,CUST_9C2EEA4E3617,PROD_002482,STORE,ST_00952,3,0
STO_00000299,2024-03-11,CUST_0F25A55990E7,PROD_002273,DC,DC_BCN,4,0
STO_00000300,2024-03-12,CUST_B3EE5A104129,PROD_000976,STORE,ST_01294,3,0
STO_00000301,2024-03-12,CUST_A87990422EB7,PROD_002473,STORE,ST_01403,2,0
STO_00000302,2024-03-14,CUST_42D951976E75,PROD_003425,STORE,ST_00952,2,0
STO_00000303,2024-03-14,CUST_42D951976E75,PROD_001705,STORE,ST_00952,1,0
STO_00000304,2024-03-15,CUST_9A6C52171C88,PROD_002325,DC,DC_VLC,2,0
STO_00000305,2024-03-16,CUST_B3EE5A104129,PROD_001592,STORE,ST_01294,3,0
STO_00000306,2024-03-16,CUST_A9E2952E6ABB,PROD_001012,STORE,ST_00938,2,0
STO_00000307,2024-03-16,CUST_A9E2952E6ABB,PROD_003418,STORE,ST_00938,1,0
STO_00000308,2024-03-16,CUST_70E704D9145E,PROD_002113,DC,DC_BCN,1,0
STO_00000309,2024-03-16,CUST_592A7BA109D0,PROD_002063,DC,DC_SEV,1,0
STO_00000310,2024-03-16,CUST_7A1036A2C52B,PROD_000841,STORE,ST_00076,1,0
STO_00000311,2024-03-18,CUST_E6B3CB323E35,PROD_003571,STORE,ST_00981,2,0
STO_00000312,2024-03-18,CUST_84410299436A,PROD_000534,STORE,ST_00938,2,0
STO_00000313,2024-03-18,CUST_84410299436A,PROD_003182,STORE,ST_00938,1,0
STO_00000314,2024-03-19,CUST_592A7BA109D0,PROD_000152,STORE,ST_00076,1,0
STO_00000315,2024-03-21,CUST_35AD43E4F668,PROD_001195,STORE,ST_00359,2,0
STO_00000316,2024-03-21,CUST_35AD43E4F668,PROD_002164,STORE,ST_00359,2,0
STO_00000317,2024-03-21,CUST_42D951976E75,PROD_000691,STORE,ST_00952,1,0
STO_00000318,2024-03-21,CUST_42D951976E75,PROD_001425,STORE,ST_00952,1,0
STO_00000319,2024-03-23,CUST_45F52E2FBF77,PROD_002339,DC,DC_BCN,4,0
STO_00000320,2024-03-23,CUST_4EFCE10B1A47,PROD_002851,STORE,ST_00374,4,0
STO_00000321,2024-03-23,CUST_4EFCE10B1A47,PROD_002588,STORE,ST_00374,1,0
STO_00000322,2024-03-23,CUST_4EFCE10B1A47,PROD_001516,STORE,ST_00374,2,0
STO_00000323,2024-03-23,CUST_E709329FC417,PROD_001441,DC,DC_VLC,1,0
STO_00000324,2024-03-23,CUST_9DF29E825AAE,PROD_001347,STORE,ST_00277,1,0
STO_00000325,2024-03-23,CUST_9DF29E825AAE,PROD_003590,STORE,ST_00277,1,0
STO_00000326,2024-03-26,CUST_84410299436A,PROD_003303,DC,DC_BCN,1,0
STO_00000327,2024-03-27,CUST_A149F920264C,PROD_003434,STORE,ST_01425,6,0
STO_00000328,2024-03-27,CUST_A149F920264C,PROD_003375,STORE,ST_01425,1,0
STO_00000329,2024-03-27,CUST_89EC98CBAA52,PROD_000124,STORE,ST_00981,1,0
STO_00000330,2024-03-27,CUST_90CEE9A53368,PROD_000534,STORE,ST_00938,3,0
STO_00000331,2024-03-27,CUST_90CEE9A53368,PROD_003491,STORE,ST_00938,2,0
STO_00000332,2024-03-27,CUST_90CEE9A53368,PROD_000104,STORE,ST_00938,4,0
STO_00000333,2024-03-27,CUST_90CEE9A53368,PROD_003036,STORE,ST_00938,3,0
STO_00000334,2024-03-27,CUST_90CEE9A53368,PROD_001343,STORE,ST_00938,1,0
STO_00000335,2024-03-28,CUST_655243FF5011,PROD_001183,STORE,ST_00076,2,0
STO_00000336,2024-03-28,CUST_623225074181,PROD_000262,STORE,ST_01294,1,0
STO_00000337,2024-03-28,CUST_623225074181,PROD_001457,STORE,ST_01294,4,0
STO_00000338,2024-03-29,CUST_DD46475287AA,PROD_003009,STORE,ST_00952,1,0
STO_00000339,2024-03-29,CUST_E6B3CB323E35,PROD_001486,STORE,ST_00981,4,0
STO_00000340,2024-03-29,CUST_E6B3CB323E35,PROD_000603,STORE,ST_00981,1,0
STO_00000341,2024-03-29,CUST_CC393B5AE288,PROD_003373,STORE,ST_00938,3,0
STO_00000342,2024-03-29,CUST_CC393B5AE288,PROD_000499,STORE,ST_00938,1,0
STO_00000343,2024-03-30,CUST_F157018267C4,PROD_002767,DC,DC_ZGZ,1,0
STO_00000344,2024-03-30,CUST_A48ED0421DFA,PROD_001074,DC,DC_BCN,5,0
STO_00000345,2024-03-30,CUST_BF3182BBAD84,PROD_001866,STORE,ST_00952,2,0
STO_00000346,2024-03-31,CUST_A2119FD34579,PROD_001625,DC,DC_BCN,2,0
STO_00000347,2024-04-01,CUST_A3010E5D8C6A,PROD_000034,STORE,ST_00076,2,0
STO_00000348,2024-04-01,CUST_BF3182BBAD84,PROD_002321,STORE,ST_00952,2,0
STO_00000349,2024-04-01,CUST_BF3182BBAD84,PROD_001190,STORE,ST_00952,2,0
STO_00000350,2024-04-02,CUST_501B5EE68495,PROD_000995,STORE,ST_01294,1,0
STO_00000351,2024-04-02,CUST_501B5EE68495,PROD_002680,STORE,ST_01294,5,0
STO_00000352,2024-04-03,CUST_84410299436A,PROD_002920,STORE,ST_00938,2,0
STO_00000353,2024-04-03,CUST_84410299436A,PROD_003309,STORE,ST_00938,5,0
STO_00000354,2024-04-03,CUST_FBA6CDBCC653,PROD_003287,DC,DC_MAD,3,0
STO_00000355,2024-04-03,CUST_C1D7F3025D16,PROD_001833,DC,DC_BCN,1,0
STO_00000356,2024-04-04,CUST_98159D713084,PROD_000486,STORE,ST_00938,1,0
STO_00000357,2024-04-04,CUST_98159D713084,PROD_000986,STORE,ST_00938,1,0
STO_00000358,2024-04-04,CUST_98159D713084,PROD_000555,STORE,ST_00938,1,0
STO_00000359,2024-04-05,CUST_655243FF5011,PROD_000261,DC,DC_SEV,4,0
STO_00000360,2024-04-05,CUST_66C18255DA61,PROD_003396,STORE,ST_00938,3,0
STO_00000361,2024-04-05,CUST_66C18255DA61,PROD_001889,STORE,ST_00938,1,0
STO_00000362,2024-04-05,CUST_562819DD3E8C,PROD_000445,STORE,ST_00981,5,0
STO_00000363,2024-04-05,CUST_562819DD3E8C,PROD_002886,STORE,ST_00981,4,0
STO_00000364,2024-04-06,CUST_84410299436A,PROD_001329,STORE,ST_00938,1,0
STO_00000365,2024-04-06,CUST_84410299436A,PROD_003500,STORE,ST_00938,3,0
STO_00000366,2024-04-06,CUST_84410299436A,PROD_002247,STORE,ST_00938,2,0
STO_00000367,2024-04-06,CUST_0E61171B1B80,PROD_002282,STORE,ST_01403,1,0
STO_00000368,2024-04-09,CUST_AD23DC322C97,PROD_003286,DC,DC_MAD,6,0
STO_00000369,2024-04-09,CUST_4758A6499CDC,PROD_002464,STORE,ST_00952,1,0
STO_00000370,2024-04-09,CUST_4758A6499CDC,PROD_002625,STORE,ST_00952,2,0
STO_00000371,2024-04-09,CUST_4A94CC351E4F,PROD_003247,STORE,ST_01294,1,0
STO_00000372,2024-04-10,CUST_513A986F9025,PROD_002772,STORE,ST_01425,1,0
STO_00000373,2024-04-10,CUST_513A986F9025,PROD_002255,STORE,ST_01425,2,0
STO_00000374,2024-04-10,CUST_513A986F9025,PROD_000628,STORE,ST_01425,1,0
STO_00000375,2024-04-10,CUST_A48ED0421DFA,PROD_002158,STORE,ST_00952,1,0
STO_00000376,2024-04-12,CUST_623225074181,PROD_003161,STORE,ST_01294,1,0
STO_00000377,2024-04-12,CUST_623225074181,PROD_001842,STORE,ST_01294,3,0
STO_00000378,2024-04-12,CUST_623225074181,PROD_000393,STORE,ST_01294,4,0
STO_00000379,2024-04-12,CUST_623225074181,PROD_001020,STORE,ST_01294,2,0
STO_00000380,2024-04-12,CUST_623225074181,PROD_000012,STORE,ST_01294,1,0
STO_00000381,2024-04-12,CUST_623225074181,PROD_000709,STORE,ST_01294,3,0
STO_00000382,2024-04-12,CUST_4758A6499CDC,PROD_003331,STORE,ST_00952,3,0
STO_00000383,2024-04-12,CUST_4758A6499CDC,PROD_001172,STORE,ST_00952,2,0
STO_00000384,2024-04-12,CUST_4758A6499CDC,PROD_003602,STORE,ST_00952,3,0
STO_00000385,2024-04-12,CUST_4758A6499CDC,PROD_000655,STORE,ST_00952,3,0
STO_00000386,2024-04-12,CUST_4758A6499CDC,PROD_001210,STORE,ST_00952,2,0
STO_00000387,2024-04-12,CUST_4758A6499CDC,PROD_003385,STORE,ST_00952,1,0
STO_00000388,2024-04-13,CUST_FB8FD8B48EAD,PROD_001066,DC,DC_VLC,2,0
STO_00000389,2024-04-15,CUST_9E5DC5ACC354,PROD_000767,DC,DC_ZGZ,2,0
STO_00000390,2024-04-15,CUST_D7F3C2EFEECB,PROD_003088,STORE,ST_00277,1,0
STO_00000391,2024-04-16,CUST_BE05965BEFDF,PROD_000089,STORE,ST_00981,2,0
STO_00000392,2024-04-16,CUST_45F52E2FBF77,PROD_002403,STORE,ST_00981,1,0
STO_00000393,2024-04-16,CUST_45F52E2FBF77,PROD_000122,STORE,ST_00981,3,0
STO_00000394,2024-04-17,CUST_697C87FA841A,PROD_002872,DC,DC_ZGZ,2,0
STO_00000395,2024-04-17,CUST_9C2EEA4E3617,PROD_000784,DC,DC_BCN,3,0
STO_00000396,2024-04-17,CUST_A2119FD34579,PROD_002527,STORE,ST_00981,1,0
STO_00000397,2024-04-17,CUST_A2119FD34579,PROD_002129,STORE,ST_00981,2,0
STO_00000398,2024-04-17,CUST_A2119FD34579,PROD_003098,STORE,ST_00981,2,0
STO_00000399,2024-04-17,CUST_A48ED0421DFA,PROD_000847,STORE,ST_00952,5,0
STO_00000400,2024-04-18,CUST_6DAA8861FE18,PROD_003527,DC,DC_SEV,1,0
STO_00000401,2024-04-19,CUST_80BB6EC01269,PROD_000934,DC,DC_BCN,3,0
STO_00000402,2024-04-19,CUST_255B7E3D5EE4,PROD_003066,STORE,ST_00359,1,0
STO_00000403,2024-04-19,CUST_255B7E3D5EE4,PROD_001815,STORE,ST_00359,1,0
STO_00000404,2024-04-19,CUST_255B7E3D5EE4,PROD_003529,STORE,ST_00359,3,0
STO_00000405,2024-04-19,CUST_BF3182BBAD84,PROD_001172,STORE,ST_00952,3,0
STO_00000406,2024-04-19,CUST_D37445712959,PROD_001059,DC,DC_MAD,1,0
STO_00000407,2024-04-20,CUST_C4F97630A8A7,PROD_000378,DC,DC_ZGZ,5,0
STO_00000408,2024-04-20,CUST_A383DB2C6AC8,PROD_000700,DC,DC_SEV,1,0
STO_00000409,2024-04-20,CUST_255B7E3D5EE4,PROD_000216,DC,DC_VLC,1,0
STO_00000410,2024-04-20,CUST_255B7E3D5EE4,PROD_003157,DC,DC_VLC,1,0
STO_00000411,2024-04-20,CUST_CA6C09697101,PROD_001096,DC,DC_MAD,4,0
STO_00000412,2024-04-22,CUST_4EFCE10B1A47,PROD_001111,STORE,ST_00374,1,0
STO_00000413,2024-04-22,CUST_4EFCE10B1A47,PROD_003212,STORE,ST_00374,2,0
STO_00000414,2024-04-22,CUST_4EFCE10B1A47,PROD_000241,STORE,ST_00374,2,0
STO_00000415,2024-04-22,CUST_4EFCE10B1A47,PROD_001601,STORE,ST_00374,1,0
STO_00000416,2024-04-22,CUST_AB0B15F0EA19,PROD_001941,STORE,ST_00952,3,0
STO_00000417,2024-04-22,CUST_AB0B15F0EA19,PROD_002596,STORE,ST_00952,5,0
STO_00000418,2024-04-23,CUST_7DE36694C343,PROD_002218,DC,DC_MAD,2,0
STO_00000419,2024-04-24,CUST_255B7E3D5EE4,PROD_002017,DC,DC_VLC,1,0
STO_00000420,2024-04-27,CUST_B241519894D8,PROD_001212,STORE,ST_00938,1,0
STO_00000421,2024-04-27,CUST_B241519894D8,PROD_002400,STORE,ST_00938,1,0
STO_00000422,2024-04-27,CUST_F96DBED63DA0,PROD_000911,STORE,ST_00981,2,0
STO_00000423,2024-04-27,CUST_CC393B5AE288,PROD_003692,STORE,ST_00938,3,0
STO_00000424,2024-04-27,CUST_CC393B5AE288,PROD_002474,STORE,ST_00938,2,0
STO_00000425,2024-04-27,CUST_0A32373AEDF8,PROD_000392,DC,DC_VLC,1,0
STO_00000426,2024-04-27,CUST_0A32373AEDF8,PROD_000863,DC,DC_VLC,1,0
STO_00000427,2024-04-29,CUST_25E98D7248E2,PROD_000355,STORE,ST_00981,2,0
STO_00000428,2024-04-30,CUST_4758A6499CDC,PROD_002821,STORE,ST_00952,1,0
STO_00000429,2024-04-30,CUST_4758A6499CDC,PROD_000225,STORE,ST_00952,1,0
STO_00000430,2024-04-30,CUST_4758A6499CDC,PROD_000369,STORE,ST_00952,5,0
STO_00000431,2024-05-01,CUST_008D610461E3,PROD_001516,STORE,ST_00952,1,0
STO_00000432,2024-05-01,CUST_4EFCE10B1A47,PROD_002406,STORE,ST_00374,3,0
STO_00000433,2024-05-01,CUST_B241519894D8,PROD_001486,STORE,ST_00938,3,0
STO_00000434,2024-05-01,CUST_FFE3BF337A15,PROD_000472,STORE,ST_00076,3,0
STO_00000435,2024-05-01,CUST_F96DBED63DA0,PROD_002586,STORE,ST_00981,2,0
STO_00000436,2024-05-02,CUST_B3EE5A104129,PROD_003562,STORE,ST_01294,3,0
STO_00000437,2024-05-02,CUST_9A6C52171C88,PROD_002946,STORE,ST_00277,1,0
STO_00000438,2024-05-02,CUST_9A6C52171C88,PROD_001095,STORE,ST_00277,4,0
STO_00000439,2024-05-02,CUST_9A6C52171C88,PROD_002523,STORE,ST_00277,2,0
STO_00000440,2024-05-02,CUST_CC393B5AE288,PROD_003594,STORE,ST_00938,5,0
STO_00000441,2024-05-02,CUST_CC393B5AE288,PROD_003606,STORE,ST_00938,2,0
STO_00000442,2024-05-02,CUST_B27B68C690B2,PROD_001281,STORE,ST_01403,2,0
STO_00000443,2024-05-03,CUST_4A94CC351E4F,PROD_000491,STORE,ST_01294,1,0
STO_00000444,2024-05-03,CUST_4A94CC351E4F,PROD_002011,STORE,ST_01294,1,0
STO_00000445,2024-05-03,CUST_4A94CC351E4F,PROD_000259,STORE,ST_01294,4,0
STO_00000446,2024-05-03,CUST_4A94CC351E4F,PROD_000680,STORE,ST_01294,1,0
STO_00000447,2024-05-04,CUST_D854DFCAF0B7,PROD_003118,STORE,ST_01403,1,0
STO_00000448,2024-05-04,CUST_D854DFCAF0B7,PROD_000179,STORE,ST_01403,1,0
STO_00000449,2024-05-04,CUST_D854DFCAF0B7,PROD_001369,STORE,ST_01403,3,0
STO_00000450,2024-05-04,CUST_5EFED8DDBBC0,PROD_002015,DC,DC_SEV,1,0
STO_00000451,2024-05-04,CUST_255B7E3D5EE4,PROD_001659,STORE,ST_00359,3,0
STO_00000452,2024-05-04,CUST_BF3182BBAD84,PROD_000677,STORE,ST_00952,2,0
STO_00000453,2024-05-04,CUST_774F7316CE64,PROD_002644,STORE,ST_00374,2,0
STO_00000454,2024-05-04,CUST_774F7316CE64,PROD_001644,STORE,ST_00374,5,0
STO_00000455,2024-05-04,CUST_B27B68C690B2,PROD_001667,STORE,ST_01403,1,0
STO_00000456,2024-05-06,CUST_FBE9DBC080FD,PROD_002616,STORE,ST_00952,1,0
STO_00000457,2024-05-07,CUST_A2119FD34579,PROD_000386,STORE,ST_00981,2,0
STO_00000458,2024-05-08,CUST_58F0AAF78C67,PROD_001746,DC,DC_SEV,4,0
STO_00000459,2024-05-08,CUST_F4E7A4540937,PROD_003686,STORE,ST_00952,1,0
STO_00000460,2024-05-09,CUST_4D29345512F7,PROD_002671,STORE,ST_00952,1,0
STO_00000461,2024-05-09,CUST_4D29345512F7,PROD_000389,STORE,ST_00952,5,0
STO_00000462,2024-05-09,CUST_8E038E969227,PROD_001231,STORE,ST_00938,1,0
STO_00000463,2024-05-09,CUST_8E038E969227,PROD_000106,STORE,ST_00938,1,0
STO_00000464,2024-05-10,CUST_255B7E3D5EE4,PROD_003369,STORE,ST_00359,4,0
STO_00000465,2024-05-10,CUST_255B7E3D5EE4,PROD_003441,STORE,ST_00359,4,0
STO_00000466,2024-05-10,CUST_255B7E3D5EE4,PROD_000046,STORE,ST_00359,1,0
STO_00000467,2024-05-10,CUST_255B7E3D5EE4,PROD_003687,STORE,ST_00359,1,0
STO_00000468,2024-05-10,CUST_255B7E3D5EE4,PROD_000402,STORE,ST_00359,1,0
STO_00000469,2024-05-10,CUST_255B7E3D5EE4,PROD_003583,STORE,ST_00359,2,0
STO_00000470,2024-05-10,CUST_624FBAE1E137,PROD_003443,STORE,ST_00938,5,0
STO_00000471,2024-05-10,CUST_624FBAE1E137,PROD_002591,STORE,ST_00938,1,0
STO_00000472,2024-05-10,CUST_1A57C5F8E2F8,PROD_001486,STORE,ST_00938,1,0
STO_00000473,2024-05-10,CUST_1A57C5F8E2F8,PROD_002120,STORE,ST_00938,3,0
STO_00000474,2024-05-11,CUST_8A0B36D8393A,PROD_003341,DC,DC_MAD,4,0
STO_00000475,2024-05-11,CUST_655243FF5011,PROD_001561,STORE,ST_00076,1,0
STO_00000476,2024-05-11,CUST_E8DD1712FB16,PROD_001953,STORE,ST_00076,1,0
STO_00000477,2024-05-11,CUST_07F8F3EA0184,PROD_002146,STORE,ST_00938,1,0
STO_00000478,2024-05-11,CUST_07F8F3EA0184,PROD_000106,STORE,ST_00938,7,0
STO_00000479,2024-05-11,CUST_07F8F3EA0184,PROD_002591,STORE,ST_00938,1,0
STO_00000480,2024-05-11,CUST_D37445712959,PROD_003156,DC,DC_MAD,1,0
STO_00000481,2024-05-12,CUST_14F9FA207403,PROD_000861,DC,DC_MAD,5,0
STO_00000482,2024-05-13,CUST_49A2F7E8F8E5,PROD_003077,STORE,ST_00952,1,0
STO_00000483,2024-05-14,CUST_98159D713084,PROD_002120,STORE,ST_00938,2,0
STO_00000484,2024-05-14,CUST_98159D713084,PROD_000095,STORE,ST_00938,4,0
STO_00000485,2024-05-14,CUST_98159D713084,PROD_002485,STORE,ST_00938,3,0
STO_00000486,2024-05-15,CUST_668C0B95017C,PROD_001784,STORE,ST_00938,1,0
STO_00000487,2024-05-15,CUST_1036D9A09007,PROD_002636,STORE,ST_01403,2,0
STO_00000488,2024-05-16,CUST_6DAA8861FE18,PROD_001124,STORE,ST_00076,1,0
STO_00000489,2024-05-16,CUST_623225074181,PROD_001477,STORE,ST_01294,5,0
STO_00000490,2024-05-16,CUST_623225074181,PROD_001494,STORE,ST_01294,1,0
STO_00000491,2024-05-16,CUST_45F52E2FBF77,PROD_003064,STORE,ST_00981,1,0
STO_00000492,2024-05-17,CUST_D854DFCAF0B7,PROD_000887,STORE,ST_01403,1,0
STO_00000493,2024-05-17,CUST_49A2F7E8F8E5,PROD_000490,STORE,ST_00952,3,0
STO_00000494,2024-05-17,CUST_49A2F7E8F8E5,PROD_000477,STORE,ST_00952,2,0
STO_00000495,2024-05-17,CUST_FBA6CDBCC653,PROD_003012,DC,DC_MAD,3,0
STO_00000496,2024-05-18,CUST_90CEE9A53368,PROD_000609,DC,DC_BCN,5,0
STO_00000497,2024-05-18,CUST_90CEE9A53368,PROD_003129,DC,DC_BCN,1,0
STO_00000498,2024-05-21,CUST_6DAA8861FE18,PROD_002058,STORE,ST_00076,1,0
STO_00000499,2024-05-22,CUST_30B1310C0C00,PROD_001208,STORE,ST_00981,2,0
STO_00000500,2024-05-22,CUST_30B1310C0C00,PROD_003426,STORE,ST_00981,2,0
STO_00000501,2024-05-22,CUST_8E038E969227,PROD_002142,STORE,ST_00938,1,0
STO_00000502,2024-05-24,CUST_655243FF5011,PROD_001159,STORE,ST_00076,2,0
STO_00000503,2024-05-24,CUST_12B2940C3503,PROD_003179,DC,DC_ZGZ,1,0
STO_00000504,2024-05-24,CUST_B86623D4526B,PROD_001778,DC,DC_ZGZ,4,0
STO_00000505,2024-05-24,CUST_B86623D4526B,PROD_000984,DC,DC_ZGZ,1,0
STO_00000506,2024-05-24,CUST_B86623D4526B,PROD_001319,DC,DC_ZGZ,3,0
STO_00000507,2024-05-25,CUST_8A0B36D8393A,PROD_001624,DC,DC_MAD,1,0
STO_00000508,2024-05-25,CUST_45F52E2FBF77,PROD_003058,STORE,ST_00981,1,0
STO_00000509,2024-05-25,CUST_45F52E2FBF77,PROD_001218,STORE,ST_00981,1,0
STO_00000510,2024-05-27,CUST_F4E7A4540937,PROD_000178,STORE,ST_00952,1,0
STO_00000511,2024-05-27,CUST_1A57C5F8E2F8,PROD_002377,STORE,ST_00938,1,0
STO_00000512,2024-05-28,CUST_45F52E2FBF77,PROD_003181,STORE,ST_00981,1,0
STO_00000513,2024-05-28,CUST_45F52E2FBF77,PROD_003684,STORE,ST_00981,2,0
STO_00000514,2024-05-28,CUST_45F52E2FBF77,PROD_001538,STORE,ST_00981,5,0
STO_00000515,2024-05-28,CUST_45F52E2FBF77,PROD_002480,STORE,ST_00981,4,0
STO_00000516,2024-05-28,CUST_D7F3C2EFEECB,PROD_000942,DC,DC_VLC,1,0
STO_00000517,2024-05-29,CUST_98159D713084,PROD_003412,STORE,ST_00938,2,0
STO_00000518,2024-05-29,CUST_98159D713084,PROD_001146,STORE,ST_00938,2,0
STO_00000519,2024-05-29,CUST_EADA4970ED9A,PROD_000486,STORE,ST_00076,4,0
STO_00000520,2024-05-30,CUST_4EFCE10B1A47,PROD_003361,STORE,ST_00374,3,0
STO_00000521,2024-05-30,CUST_4EFCE10B1A47,PROD_002211,STORE,ST_00374,5,0
STO_00000522,2024-05-30,CUST_4EFCE10B1A47,PROD_000015,STORE,ST_00374,1,0
STO_00000523,2024-05-30,CUST_4EFCE10B1A47,PROD_002857,STORE,ST_00374,2,0
STO_00000524,2024-05-30,CUST_92CF1F33242D,PROD_000206,STORE,ST_00076,2,0
STO_00000525,2024-05-30,CUST_8E038E969227,PROD_000538,STORE,ST_00938,1,0
STO_00000526,2024-05-31,CUST_A9E2952E6ABB,PROD_002393,STORE,ST_00938,1,0
STO_00000527,2024-05-31,CUST_A9E2952E6ABB,PROD_003677,STORE,ST_00938,2,0
STO_00000528,2024-06-01,CUST_4EFCE10B1A47,PROD_002330,STORE,ST_00374,2,0
STO_00000529,2024-06-01,CUST_4EFCE10B1A47,PROD_003599,STORE,ST_00374,1,0
STO_00000530,2024-06-01,CUST_4EFCE10B1A47,PROD_003045,STORE,ST_00374,1,0
STO_00000531,2024-06-01,CUST_4EFCE10B1A47,PROD_000584,STORE,ST_00374,1,0
STO_00000532,2024-06-03,CUST_92CA6DE59332,PROD_000942,DC,DC_VLC,4,0
STO_00000533,2024-06-03,CUST_EADA4970ED9A,PROD_001785,STORE,ST_00076,4,0
STO_00000534,2024-06-03,CUST_EADA4970ED9A,PROD_003378,STORE,ST_00076,1,0
STO_00000535,2024-06-03,CUST_EADA4970ED9A,PROD_002373,STORE,ST_00076,3,0
STO_00000536,2024-06-03,CUST_EADA4970ED9A,PROD_001366,STORE,ST_00076,2,0
STO_00000537,2024-06-03,CUST_EADA4970ED9A,PROD_001864,STORE,ST_00076,1,0
STO_00000538,2024-06-03,CUST_EADA4970ED9A,PROD_003523,STORE,ST_00076,2,0
STO_00000539,2024-06-03,CUST_EADA4970ED9A,PROD_000809,STORE,ST_00076,1,0
STO_00000540,2024-06-05,CUST_655243FF5011,PROD_001538,STORE,ST_00076,8,0
STO_00000541,2024-06-05,CUST_9DF29E825AAE,PROD_001192,STORE,ST_00277,2,0
STO_00000542,2024-06-06,CUST_04AA5CA0C428,PROD_000626,STORE,ST_00952,3,0
STO_00000543,2024-06-06,CUST_04AA5CA0C428,PROD_003257,STORE,ST_00952,1,0
STO_00000544,2024-06-06,CUST_04AA5CA0C428,PROD_000772,STORE,ST_00952,1,0
STO_00000545,2024-06-06,CUST_04AA5CA0C428,PROD_002525,STORE,ST_00952,1,0
STO_00000546,2024-06-06,CUST_774F7316CE64,PROD_002999,STORE,ST_00374,2,0
STO_00000547,2024-06-07,CUST_FFE3BF337A15,PROD_002030,STORE,ST_00076,2,0
STO_00000548,2024-06-07,CUST_FFE3BF337A15,PROD_000159,STORE,ST_00076,1,0
STO_00000549,2024-06-08,CUST_7DE36694C343,PROD_001032,DC,DC_MAD,5,0
STO_00000550,2024-06-08,CUST_7A1036A2C52B,PROD_003212,STORE,ST_00076,1,0
STO_00000551,2024-06-09,CUST_9A3A6E3C4532,PROD_000490,STORE,ST_00938,3,0
STO_00000552,2024-06-09,CUST_9A3A6E3C4532,PROD_000941,STORE,ST_00938,2,0
STO_00000553,2024-06-09,CUST_EFFA3040413C,PROD_002542,DC,DC_BCN,2,0
STO_00000554,2024-06-09,CUST_BF3182BBAD84,PROD_002585,DC,DC_BCN,4,0
STO_00000555,2024-06-11,CUST_92CF1F33242D,PROD_001277,DC,DC_SEV,2,0
STO_00000556,2024-06-11,CUST_89EC98CBAA52,PROD_003496,STORE,ST_00981,2,0
STO_00000557,2024-06-13,CUST_A149F920264C,PROD_002057,STORE,ST_01425,2,0
STO_00000558,2024-06-13,CUST_A149F920264C,PROD_001623,STORE,ST_01425,1,0
STO_00000559,2024-06-13,CUST_A149F920264C,PROD_003532,STORE,ST_01425,1,0
STO_00000560,2024-06-13,CUST_CC393B5AE288,PROD_003148,STORE,ST_00938,3,0
STO_00000561,2024-06-13,CUST_CC393B5AE288,PROD_003085,STORE,ST_00938,2,0
STO_00000562,2024-06-15,CUST_8A0B36D8393A,PROD_002624,DC,DC_MAD,1,0
STO_00000563,2024-06-17,CUST_D854DFCAF0B7,PROD_000786,STORE,ST_01403,5,0
STO_00000564,2024-06-17,CUST_D854DFCAF0B7,PROD_001214,STORE,ST_01403,2,0
STO_00000565,2024-06-17,CUST_1A57C5F8E2F8,PROD_003361,STORE,ST_00938,3,0
STO_00000566,2024-06-18,CUST_008D610461E3,PROD_000745,STORE,ST_00952,1,0
STO_00000567,2024-06-18,CUST_008D610461E3,PROD_002452,STORE,ST_00952,2,0
STO_00000568,2024-06-19,CUST_4D71B41B3143,PROD_002964,STORE,ST_00076,1,0
STO_00000569,2024-06-19,CUST_9C100F6B40D0,PROD_001088,DC,DC_MAD,1,0
STO_00000570,2024-06-19,CUST_9A6C52171C88,PROD_001799,STORE,ST_00277,1,0
STO_00000571,2024-06-19,CUST_9A6C52171C88,PROD_001433,STORE,ST_00277,1,0
STO_00000572,2024-06-20,CUST_58F0AAF78C67,PROD_002161,STORE,ST_01294,2,0
STO_00000573,2024-06-21,CUST_45F52E2FBF77,PROD_001158,STORE,ST_00981,2,0
STO_00000574,2024-06-21,CUST_F4E7A4540937,PROD_003166,DC,DC_BCN,1,0
STO_00000575,2024-06-21,CUST_92CF1F33242D,PROD_001119,STORE,ST_00076,2,0
STO_00000576,2024-06-21,CUST_A3010E5D8C6A,PROD_001433,STORE,ST_00076,3,0
STO_00000577,2024-06-21,CUST_A3010E5D8C6A,PROD_000896,STORE,ST_00076,4,0
STO_00000578,2024-06-21,CUST_9A6C52171C88,PROD_000553,DC,DC_VLC,3,0
STO_00000579,2024-06-21,CUST_624FBAE1E137,PROD_002072,STORE,ST_00938,1,0
STO_00000580,2024-06-21,CUST_624FBAE1E137,PROD_003116,STORE,ST_00938,1,0
STO_00000581,2024-06-21,CUST_624FBAE1E137,PROD_002774,STORE,ST_00938,3,0
STO_00000582,2024-06-22,CUST_A87990422EB7,PROD_001877,DC,DC_ZGZ,1,0
STO_00000583,2024-06-22,CUST_A87990422EB7,PROD_002731,DC,DC_ZGZ,3,0
STO_00000584,2024-06-22,CUST_CC393B5AE288,PROD_002073,STORE,ST_00938,1,0
STO_00000585,2024-06-22,CUST_CC393B5AE288,PROD_000318,STORE,ST_00938,1,0
STO_00000586,2024-06-22,CUST_E709329FC417,PROD_001307,STORE,ST_00277,2,0
STO_00000587,2024-06-22,CUST_42D951976E75,PROD_000933,DC,DC_BCN,1,0
STO_00000588,2024-06-22,CUST_42D951976E75,PROD_003069,DC,DC_BCN,3,0
STO_00000589,2024-06-24,CUST_AD23DC322C97,PROD_000022,DC,DC_MAD,2,0
STO_00000590,2024-06-25,CUST_A66F39669FA7,PROD_003662,DC,DC_MAD,5,0
STO_00000591,2024-06-25,CUST_A3010E5D8C6A,PROD_003586,STORE,ST_00076,2,0
STO_00000592,2024-06-25,CUST_A3010E5D8C6A,PROD_001546,STORE,ST_00076,1,0
STO_00000593,2024-06-26,CUST_4D71B41B3143,PROD_002685,STORE,ST_00076,3,0
STO_00000594,2024-06-27,CUST_FFE3BF337A15,PROD_003655,STORE,ST_00076,2,0
STO_00000595,2024-06-28,CUST_A149F920264C,PROD_001331,STORE,ST_01425,2,0
STO_00000596,2024-06-28,CUST_A149F920264C,PROD_002462,STORE,ST_01425,2,0
STO_00000597,2024-06-28,CUST_A149F920264C,PROD_001008,STORE,ST_01425,2,0
STO_00000598,2024-06-28,CUST_A149F920264C,PROD_000582,STORE,ST_01425,1,0
STO_00000599,2024-06-28,CUST_501B5EE68495,PROD_002686,DC,DC_SEV,1,0
STO_00000600,2024-06-28,CUST_A3010E5D8C6A,PROD_000575,STORE,ST_00076,3,0
STO_00000601,2024-06-29,CUST_4D71B41B3143,PROD_003470,STORE,ST_00076,3,0
STO_00000602,2024-06-29,CUST_98159D713084,PROD_001693,STORE,ST_00938,2,0
STO_00000603,2024-06-29,CUST_9E2A0F79A8A7,PROD_003462,DC,DC_MAD,1,0
STO_00000604,2024-06-29,CUST_34871A9C672A,PROD_000256,STORE,ST_01294,3,0
STO_00000605,2024-06-29,CUST_9DF29E825AAE,PROD_002885,STORE,ST_00277,4,0
STO_00000606,2024-07-02,CUST_D854DFCAF0B7,PROD_002598,STORE,ST_01403,1,0
STO_00000607,2024-07-02,CUST_D854DFCAF0B7,PROD_001568,STORE,ST_01403,4,0
STO_00000608,2024-07-02,CUST_D854DFCAF0B7,PROD_000543,STORE,ST_01403,2,0
STO_00000609,2024-07-02,CUST_D854DFCAF0B7,PROD_000618,STORE,ST_01403,1,0
STO_00000610,2024-07-02,CUST_D854DFCAF0B7,PROD_001059,STORE,ST_01403,6,0
STO_00000611,2024-07-02,CUST_D854DFCAF0B7,PROD_001109,STORE,ST_01403,1,0
STO_00000612,2024-07-02,CUST_D854DFCAF0B7,PROD_003474,STORE,ST_01403,3,0
STO_00000613,2024-07-02,CUST_D854DFCAF0B7,PROD_003355,STORE,ST_01403,1,0
STO_00000614,2024-07-02,CUST_BE05965BEFDF,PROD_002498,STORE,ST_00981,1,0
STO_00000615,2024-07-02,CUST_668C0B95017C,PROD_000178,STORE,ST_00938,1,0
STO_00000616,2024-07-02,CUST_92CF1F33242D,PROD_001961,STORE,ST_00076,1,0
STO_00000617,2024-07-02,CUST_92CF1F33242D,PROD_002395,STORE,ST_00076,2,0
STO_00000618,2024-07-02,CUST_7A1036A2C52B,PROD_003349,STORE,ST_00076,1,0
STO_00000619,2024-07-03,CUST_EADA4970ED9A,PROD_001325,STORE,ST_00076,3,0
STO_00000620,2024-07-03,CUST_EADA4970ED9A,PROD_000997,STORE,ST_00076,4,0
STO_00000621,2024-07-03,CUST_EADA4970ED9A,PROD_003633,STORE,ST_00076,5,0
STO_00000622,2024-07-03,CUST_D37445712959,PROD_002399,DC,DC_MAD,6,0
STO_00000623,2024-07-04,CUST_A87990422EB7,PROD_000598,DC,DC_ZGZ,1,0
STO_00000624,2024-07-05,CUST_F6D2AEC76A82,PROD_001360,DC,DC_ZGZ,1,0
STO_00000625,2024-07-05,CUST_BF3182BBAD84,PROD_001511,STORE,ST_00952,1,0
STO_00000626,2024-07-06,CUST_98159D713084,PROD_000188,STORE,ST_00938,2,0
STO_00000627,2024-07-09,CUST_A2119FD34579,PROD_003375,DC,DC_BCN,2,0
STO_00000628,2024-07-10,CUST_E6B3CB323E35,PROD_001777,STORE,ST_00981,2,0
STO_00000629,2024-07-10,CUST_E6B3CB323E35,PROD_000729,STORE,ST_00981,1,0
STO_00000630,2024-07-10,CUST_E6B3CB323E35,PROD_001531,STORE,ST_00981,1,0
STO_00000631,2024-07-10,CUST_A383DB2C6AC8,PROD_002042,STORE,ST_00076,2,0
STO_00000632,2024-07-10,CUST_A383DB2C6AC8,PROD_001115,STORE,ST_00076,1,0
STO_00000633,2024-07-10,CUST_A383DB2C6AC8,PROD_001729,STORE,ST_00076,2,0
STO_00000634,2024-07-12,CUST_FB8FD8B48EAD,PROD_001303,DC,DC_VLC,1,0
STO_00000635,2024-07-12,CUST_FB8FD8B48EAD,PROD_002243,DC,DC_VLC,2,0
STO_00000636,2024-07-13,CUST_4EFCE10B1A47,PROD_002095,DC,DC_VLC,5,0
STO_00000637,2024-07-13,CUST_4EFCE10B1A47,PROD_001131,DC,DC_VLC,2,0
STO_00000638,2024-07-13,CUST_4EFCE10B1A47,PROD_003352,DC,DC_VLC,4,0
STO_00000639,2024-07-13,CUST_A3010E5D8C6A,PROD_002173,STORE,ST_00076,3,0
STO_00000640,2024-07-13,CUST_FB8FD8B48EAD,PROD_002687,STORE,ST_00374,2,0
STO_00000641,2024-07-15,CUST_BE05965BEFDF,PROD_002926,DC,DC_BCN,1,0
STO_00000642,2024-07-16,CUST_58F0AAF78C67,PROD_003039,DC,DC_SEV,1,0
STO_00000643,2024-07-16,CUST_EDAF1B780EDE,PROD_002971,DC,DC_SEV,3,0
STO_00000644,2024-07-17,CUST_562819DD3E8C,PROD_003381,STORE,ST_00981,3,0
STO_00000645,2024-07-17,CUST_562819DD3E8C,PROD_003459,STORE,ST_00981,2,0
STO_00000646,2024-07-17,CUST_562819DD3E8C,PROD_000585,STORE,ST_00981,1,0
STO_00000647,2024-07-18,CUST_D3636F81CF4F,PROD_003460,STORE,ST_00938,5,0
STO_00000648,2024-07-19,CUST_F4E7A4540937,PROD_000177,STORE,ST_00952,3,0
STO_00000649,2024-07-19,CUST_4A94CC351E4F,PROD_000376,STORE,ST_01294,3,0
STO_00000650,2024-07-19,CUST_4A94CC351E4F,PROD_001029,STORE,ST_01294,3,0
STO_00000651,2024-07-20,CUST_30B1310C0C00,PROD_002390,DC,DC_BCN,2,0
STO_00000652,2024-07-20,CUST_008D610461E3,PROD_001050,STORE,ST_00952,3,0
STO_00000653,2024-07-20,CUST_E6B3CB323E35,PROD_003679,STORE,ST_00981,1,0
STO_00000654,2024-07-20,CUST_D3636F81CF4F,PROD_000905,DC,DC_BCN,1,0
STO_00000655,2024-07-20,CUST_EADA4970ED9A,PROD_001295,STORE,ST_00076,2,0
STO_00000656,2024-07-20,CUST_FD03C9525185,PROD_002892,DC,DC_ZGZ,1,0
STO_00000657,2024-07-20,CUST_F96DBED63DA0,PROD_002200,STORE,ST_00981,1,0
STO_00000658,2024-07-20,CUST_0E61171B1B80,PROD_002861,DC,DC_ZGZ,1,0
STO_00000659,2024-07-23,CUST_585A7BFDCC12,PROD_000247,DC,DC_BCN,1,0
STO_00000660,2024-07-23,CUST_58F0AAF78C67,PROD_003143,DC,DC_SEV,2,0
STO_00000661,2024-07-24,CUST_F4E7A4540937,PROD_001718,STORE,ST_00952,1,0
STO_00000662,2024-07-24,CUST_92CF1F33242D,PROD_001040,STORE,ST_00076,1,0
STO_00000663,2024-07-24,CUST_9DF29E825AAE,PROD_003465,DC,DC_VLC,1,0
STO_00000664,2024-07-24,CUST_9DF29E825AAE,PROD_000124,DC,DC_VLC,4,0
STO_00000665,2024-07-26,CUST_EDAF1B780EDE,PROD_000840,DC,DC_SEV,2,0
STO_00000666,2024-07-26,CUST_EDAF1B780EDE,PROD_002026,DC,DC_SEV,1,0
STO_00000667,2024-07-26,CUST_93D551A3AC26,PROD_000161,DC,DC_MAD,2,0
STO_00000668,2024-07-26,CUST_A87990422EB7,PROD_003277,STORE,ST_01403,2,0
STO_00000669,2024-07-27,CUST_008D610461E3,PROD_002079,STORE,ST_00952,4,0
STO_00000670,2024-07-27,CUST_008D610461E3,PROD_002948,STORE,ST_00952,1,0
STO_00000671,2024-07-28,CUST_513A986F9025,PROD_001982,STORE,ST_01425,5,0
STO_00000672,2024-07-28,CUST_513A986F9025,PROD_002259,STORE,ST_01425,1,0
STO_00000673,2024-07-28,CUST_513A986F9025,PROD_002483,STORE,ST_01425,1,0
STO_00000674,2024-07-29,CUST_4A94CC351E4F,PROD_003050,STORE,ST_01294,2,0
STO_00000675,2024-07-29,CUST_0E61171B1B80,PROD_002320,DC,DC_ZGZ,2,0
STO_00000676,2024-07-30,CUST_1857BAC7E2B9,PROD_002375,DC,DC_ZGZ,4,0
STO_00000677,2024-07-31,CUST_BE05965BEFDF,PROD_002082,STORE,ST_00981,1,0
STO_00000678,2024-08-01,CUST_45F52E2FBF77,PROD_000223,STORE,ST_00981,6,0
STO_00000679,2024-08-01,CUST_F4E7A4540937,PROD_000978,STORE,ST_00952,2,0
STO_00000680,2024-08-01,CUST_A87990422EB7,PROD_000010,STORE,ST_01403,1,0
STO_00000681,2024-08-01,CUST_A87990422EB7,PROD_002341,STORE,ST_01403,1,0
STO_00000682,2024-08-01,CUST_A87990422EB7,PROD_002207,STORE,ST_01403,2,0
STO_00000683,2024-08-01,CUST_A87990422EB7,PROD_001821,STORE,ST_01403,3,0
STO_00000684,2024-08-01,CUST_A87990422EB7,PROD_003331,STORE,ST_01403,5,0
STO_00000685,2024-08-01,CUST_A87990422EB7,PROD_002722,STORE,ST_01403,1,0
STO_00000686,2024-08-01,CUST_A87990422EB7,PROD_000503,STORE,ST_01403,4,0
STO_00000687,2024-08-01,CUST_32735373BF4D,PROD_000085,STORE,ST_00076,3,0
STO_00000688,2024-08-04,CUST_A149F920264C,PROD_001267,DC,DC_ZGZ,2,0
STO_00000689,2024-08-05,CUST_284C27D415B6,PROD_001936,STORE,ST_00952,1,0
STO_00000690,2024-08-05,CUST_7A1036A2C52B,PROD_002381,STORE,ST_00076,2,0
STO_00000691,2024-08-06,CUST_B241519894D8,PROD_000869,STORE,ST_00938,1,0
STO_00000692,2024-08-06,CUST_CC393B5AE288,PROD_001839,STORE,ST_00938,2,0
STO_00000693,2024-08-07,CUST_1036D9A09007,PROD_000220,STORE,ST_01403,3,0
STO_00000694,2024-08-08,CUST_92CF1F33242D,PROD_002322,STORE,ST_00076,3,0
STO_00000695,2024-08-08,CUST_92CF1F33242D,PROD_000051,STORE,ST_00076,1,0
STO_00000696,2024-08-08,CUST_90CEE9A53368,PROD_003014,STORE,ST_00938,1,0
STO_00000697,2024-08-08,CUST_90CEE9A53368,PROD_001751,STORE,ST_00938,4,0
STO_00000698,2024-08-10,CUST_707DFDB1429E,PROD_000835,DC,DC_MAD,2,0
STO_00000699,2024-08-12,CUST_F157018267C4,PROD_001322,DC,DC_ZGZ,1,0
STO_00000700,2024-08-12,CUST_255B7E3D5EE4,PROD_001600,STORE,ST_00359,1,0
STO_00000701,2024-08-12,CUST_255B7E3D5EE4,PROD_000064,STORE,ST_00359,1,0
STO_00000702,2024-08-13,CUST_32735373BF4D,PROD_001664,STORE,ST_00076,1,0
STO_00000703,2024-08-13,CUST_32735373BF4D,PROD_001847,STORE,ST_00076,2,0
STO_00000704,2024-08-14,CUST_F4E7A4540937,PROD_003624,DC,DC_BCN,2,0
STO_00000705,2024-08-15,CUST_A149F920264C,PROD_000605,STORE,ST_01425,1,0
STO_00000706,2024-08-15,CUST_FB8FD8B48EAD,PROD_001648,DC,DC_VLC,3,0
STO_00000707,2024-08-16,CUST_592A7BA109D0,PROD_001449,STORE,ST_00076,3,0
STO_00000708,2024-08-17,CUST_707DFDB1429E,PROD_001009,DC,DC_MAD,3,0
STO_00000709,2024-08-17,CUST_70E704D9145E,PROD_001759,STORE,ST_00938,2,0
STO_00000710,2024-08-17,CUST_C1D7F3025D16,PROD_001992,STORE,ST_00952,1,0
STO_00000711,2024-08-17,CUST_C1D7F3025D16,PROD_001378,STORE,ST_00952,6,0
STO_00000712,2024-08-17,CUST_C1D7F3025D16,PROD_002980,STORE,ST_00952,1,0
STO_00000713,2024-08-17,CUST_C1D7F3025D16,PROD_003501,STORE,ST_00952,2,0
STO_00000714,2024-08-17,CUST_C1D7F3025D16,PROD_002345,STORE,ST_00952,2,0
STO_00000715,2024-08-19,CUST_7A1036A2C52B,PROD_001940,STORE,ST_00076,1,0
STO_00000716,2024-08-20,CUST_A9AB1777E8CB,PROD_002131,DC,DC_MAD,2,0
STO_00000717,2024-08-23,CUST_623225074181,PROD_000228,STORE,ST_01294,3,0
STO_00000718,2024-08-23,CUST_623225074181,PROD_003048,STORE,ST_01294,1,0
STO_00000719,2024-08-23,CUST_623225074181,PROD_003077,STORE,ST_01294,1,0
STO_00000720,2024-08-23,CUST_623225074181,PROD_003667,STORE,ST_01294,1,0
STO_00000721,2024-08-23,CUST_9C2EEA4E3617,PROD_000045,STORE,ST_00952,3,0
STO_00000722,2024-08-23,CUST_9A3A6E3C4532,PROD_000406,STORE,ST_00938,5,0
STO_00000723,2024-08-23,CUST_9A3A6E3C4532,PROD_000568,STORE,ST_00938,5,0
STO_00000724,2024-08-23,CUST_4758A6499CDC,PROD_000093,STORE,ST_00952,3,0
STO_00000725,2024-08-23,CUST_4758A6499CDC,PROD_001526,STORE,ST_00952,2,0
STO_00000726,2024-08-23,CUST_1036D9A09007,PROD_001600,STORE,ST_01403,1,0
STO_00000727,2024-08-25,CUST_FB8FD8B48EAD,PROD_002270,STORE,ST_00374,1,0
STO_00000728,2024-08-26,CUST_A48ED0421DFA,PROD_000199,STORE,ST_00952,2,0
STO_00000729,2024-08-26,CUST_58F0AAF78C67,PROD_003667,STORE,ST_01294,4,0
STO_00000730,2024-08-26,CUST_58F0AAF78C67,PROD_001737,STORE,ST_01294,1,0
STO_00000731,2024-08-26,CUST_58F0AAF78C67,PROD_001746,STORE,ST_01294,6,0
STO_00000732,2024-08-26,CUST_58F0AAF78C67,PROD_001059,STORE,ST_01294,1,0
STO_00000733,2024-08-26,CUST_58F0AAF78C67,PROD_003077,STORE,ST_01294,1,0
STO_00000734,2024-08-27,CUST_4D29345512F7,PROD_002660,STORE,ST_00952,4,0
STO_00000735,2024-08-27,CUST_4D29345512F7,PROD_000840,STORE,ST_00952,1,0
STO_00000736,2024-08-27,CUST_4D29345512F7,PROD_001756,STORE,ST_00952,3,0
STO_00000737,2024-08-28,CUST_FBA6CDBCC653,PROD_000184,DC,DC_MAD,2,0
STO_00000738,2024-08-28,CUST_FBA6CDBCC653,PROD_001901,DC,DC_MAD,2,0
STO_00000739,2024-08-28,CUST_774F7316CE64,PROD_001775,STORE,ST_00374,2,0
STO_00000740,2024-08-28,CUST_774F7316CE64,PROD_001545,STORE,ST_00374,1,0
STO_00000741,2024-08-28,CUST_774F7316CE64,PROD_002890,STORE,ST_00374,2,0
STO_00000742,2024-08-29,CUST_30B1310C0C00,PROD_000156,STORE,ST_00981,3,0
STO_00000743,2024-08-29,CUST_30B1310C0C00,PROD_002173,STORE,ST_00981,2,0
STO_00000744,2024-08-29,CUST_30B1310C0C00,PROD_000785,STORE,ST_00981,3,0
STO_00000745,2024-08-29,CUST_30B1310C0C00,PROD_002056,STORE,ST_00981,3,0
STO_00000746,2024-08-29,CUST_30B1310C0C00,PROD_000363,STORE,ST_00981,1,0
STO_00000747,2024-08-30,CUST_98159D713084,PROD_000097,STORE,ST_00938,4,0
STO_00000748,2024-08-30,CUST_A3010E5D8C6A,PROD_001512,STORE,ST_00076,4,0
STO_00000749,2024-08-30,CUST_A3010E5D8C6A,PROD_000871,STORE,ST_00076,2,0
STO_00000750,2024-08-30,CUST_9DF29E825AAE,PROD_002567,STORE,ST_00277,2,0
STO_00000751,2024-08-30,CUST_9DF29E825AAE,PROD_001040,STORE,ST_00277,1,0
STO_00000752,2024-08-30,CUST_9DF29E825AAE,PROD_003285,STORE,ST_00277,5,0
STO_00000753,2024-08-30,CUST_9DF29E825AAE,PROD_002486,STORE,ST_00277,2,0
STO_00000754,2024-08-30,CUST_9DF29E825AAE,PROD_001445,STORE,ST_00277,2,0
STO_00000755,2024-08-31,CUST_A149F920264C,PROD_001669,STORE,ST_01425,1,0
STO_00000756,2024-08-31,CUST_11849E11D2CD,PROD_000577,DC,DC_ZGZ,1,0
STO_00000757,2024-08-31,CUST_9C2EEA4E3617,PROD_003022,STORE,ST_00952,2,0
STO_00000758,2024-08-31,CUST_284C27D415B6,PROD_001669,STORE,ST_00952,2,0
STO_00000759,2024-08-31,CUST_284C27D415B6,PROD_001292,STORE,ST_00952,1,0
STO_00000760,2024-08-31,CUST_51B11B2EDEDB,PROD_001309,DC,DC_SEV,1,0
STO_00000761,2024-09-01,CUST_BF3182BBAD84,PROD_000376,STORE,ST_00952,2,0
STO_00000762,2024-09-02,CUST_35AD43E4F668,PROD_000252,STORE,ST_00359,3,0
STO_00000763,2024-09-04,CUST_04AA5CA0C428,PROD_002192,DC,DC_BCN,4,0
STO_00000764,2024-09-05,CUST_8E038E969227,PROD_002312,STORE,ST_00938,4,0
STO_00000765,2024-09-06,CUST_B27B68C690B2,PROD_002081,STORE,ST_01403,1,0
STO_00000766,2024-09-06,CUST_B27B68C690B2,PROD_002178,STORE,ST_01403,1,0
STO_00000767,2024-09-07,CUST_FB8FD8B48EAD,PROD_002236,STORE,ST_00374,4,0
STO_00000768,2024-09-08,CUST_B3EE5A104129,PROD_000904,STORE,ST_01294,2,0
STO_00000769,2024-09-09,CUST_58F0AAF78C67,PROD_002229,STORE,ST_01294,1,0
STO_00000770,2024-09-11,CUST_255B7E3D5EE4,PROD_000488,STORE,ST_00359,4,0
STO_00000771,2024-09-11,CUST_255B7E3D5EE4,PROD_002625,STORE,ST_00359,1,0
STO_00000772,2024-09-11,CUST_255B7E3D5EE4,PROD_001754,STORE,ST_00359,1,0
STO_00000773,2024-09-12,CUST_12B2940C3503,PROD_001581,DC,DC_ZGZ,1,0
STO_00000774,2024-09-13,CUST_9C100F6B40D0,PROD_001737,DC,DC_MAD,3,0
STO_00000775,2024-09-13,CUST_FFE3BF337A15,PROD_000111,STORE,ST_00076,1,0
STO_00000776,2024-09-14,CUST_3D131E2C2E7D,PROD_000143,DC,DC_ZGZ,1,0
STO_00000777,2024-09-16,CUST_008D610461E3,PROD_002477,STORE,ST_00952,1,0
STO_00000778,2024-09-16,CUST_A149F920264C,PROD_001838,STORE,ST_01425,1,0
STO_00000779,2024-09-16,CUST_A149F920264C,PROD_002052,STORE,ST_01425,1,0
STO_00000780,2024-09-16,CUST_A149F920264C,PROD_001885,STORE,ST_01425,3,0
STO_00000781,2024-09-16,CUST_A149F920264C,PROD_002581,STORE,ST_01425,2,0
STO_00000782,2024-09-16,CUST_A149F920264C,PROD_002833,STORE,ST_01425,3,0
STO_00000783,2024-09-16,CUST_A149F920264C,PROD_003709,STORE,ST_01425,2,0
STO_00000784,2024-09-16,CUST_A149F920264C,PROD_000584,STORE,ST_01425,2,0
STO_00000785,2024-09-16,CUST_FFE3BF337A15,PROD_001770,STORE,ST_00076,1,0
STO_00000786,2024-09-18,CUST_4EFCE10B1A47,PROD_002119,STORE,ST_00374,4,0
STO_00000787,2024-09-18,CUST_4EFCE10B1A47,PROD_003160,STORE,ST_00374,2,0
STO_00000788,2024-09-19,CUST_FBE9DBC080FD,PROD_001269,STORE,ST_00952,1,0
STO_00000789,2024-09-19,CUST_FBE9DBC080FD,PROD_002922,STORE,ST_00952,4,0
STO_00000790,2024-09-20,CUST_BE05965BEFDF,PROD_001328,STORE,ST_00981,1,0
STO_00000791,2024-09-20,CUST_BE05965BEFDF,PROD_002675,STORE,ST_00981,2,0
STO_00000792,2024-09-21,CUST_774F7316CE64,PROD_000791,STORE,ST_00374,1,0
STO_00000793,2024-09-21,CUST_774F7316CE64,PROD_003320,STORE,ST_00374,3,0
STO_00000794,2024-09-24,CUST_413530A900AD,PROD_001473,DC,DC_SEV,2,0
STO_00000795,2024-09-25,CUST_4758A6499CDC,PROD_002493,STORE,ST_00952,2,0
STO_00000796,2024-09-25,CUST_4758A6499CDC,PROD_001165,STORE,ST_00952,4,0
STO_00000797,2024-09-25,CUST_58F0AAF78C67,PROD_001357,DC,DC_SEV,3,0
STO_00000798,2024-09-25,CUST_FE89D9CB3540,PROD_000346,DC,DC_ZGZ,4,0
STO_00000799,2024-09-26,CUST_A2119FD34579,PROD_003432,STORE,ST_00981,4,0
STO_00000800,2024-09-26,CUST_A2119FD34579,PROD_003254,STORE,ST_00981,2,0
STO_00000801,2024-09-26,CUST_58F0AAF78C67,PROD_001393,STORE,ST_01294,4,0
STO_00000802,2024-09-26,CUST_58F0AAF78C67,PROD_002705,STORE,ST_01294,1,0
STO_00000803,2024-09-27,CUST_30B1310C0C00,PROD_000791,STORE,ST_00981,2,0
STO_00000804,2024-09-27,CUST_30B1310C0C00,PROD_003158,STORE,ST_00981,2,0
STO_00000805,2024-09-27,CUST_C0D7095FFA81,PROD_000864,DC,DC_MAD,2,0
STO_00000806,2024-09-27,CUST_07F8F3EA0184,PROD_002311,DC,DC_BCN,1,0
STO_00000807,2024-09-27,CUST_34871A9C672A,PROD_002334,STORE,ST_01294,1,0
STO_00000808,2024-09-27,CUST_34871A9C672A,PROD_001910,STORE,ST_01294,1,0
STO_00000809,2024-09-27,CUST_562819DD3E8C,PROD_002254,STORE,ST_00981,6,0
STO_00000810,2024-09-28,CUST_5C0BA757CB10,PROD_003372,DC,DC_MAD,2,0
STO_00000811,2024-09-30,CUST_FFE3BF337A15,PROD_001787,STORE,ST_00076,1,0
STO_00000812,2024-10-01,CUST_A149F920264C,PROD_003087,STORE,ST_01425,1,0
STO_00000813,2024-10-01,CUST_A149F920264C,PROD_000768,STORE,ST_01425,5,0
STO_00000814,2024-10-01,CUST_A149F920264C,PROD_001310,STORE,ST_01425,2,0
STO_00000815,2024-10-01,CUST_592A7BA109D0,PROD_000318,STORE,ST_00076,1,0
STO_00000816,2024-10-03,CUST_D7F3C2EFEECB,PROD_001095,STORE,ST_00277,1,0
STO_00000817,2024-10-03,CUST_9DF29E825AAE,PROD_001535,DC,DC_VLC,1,0
STO_00000818,2024-10-04,CUST_04AA5CA0C428,PROD_000107,DC,DC_BCN,5,0
STO_00000819,2024-10-04,CUST_1A57C5F8E2F8,PROD_001387,STORE,ST_00938,6,0
STO_00000820,2024-10-04,CUST_1A57C5F8E2F8,PROD_001230,STORE,ST_00938,4,0
STO_00000821,2024-10-04,CUST_1A57C5F8E2F8,PROD_000959,STORE,ST_00938,3,0
STO_00000822,2024-10-05,CUST_ABF3FEC21BBE,PROD_002954,DC,DC_ZGZ,1,0
STO_00000823,2024-10-05,CUST_DD46475287AA,PROD_003024,STORE,ST_00952,3,0
STO_00000824,2024-10-05,CUST_668C0B95017C,PROD_000736,STORE,ST_00938,1,0
STO_00000825,2024-10-05,CUST_668C0B95017C,PROD_001795,STORE,ST_00938,1,0
STO_00000826,2024-10-05,CUST_A3010E5D8C6A,PROD_001617,STORE,ST_00076,3,0
STO_00000827,2024-10-06,CUST_978613281726,PROD_003414,DC,DC_MAD,3,0
STO_00000828,2024-10-06,CUST_978613281726,PROD_000780,DC,DC_MAD,1,0
STO_00000829,2024-10-07,CUST_4D29345512F7,PROD_000011,STORE,ST_00952,1,0
STO_00000830,2024-10-08,CUST_30B1310C0C00,PROD_003448,STORE,ST_00981,5,0
STO_00000831,2024-10-08,CUST_30B1310C0C00,PROD_000687,STORE,ST_00981,1,0
STO_00000832,2024-10-08,CUST_1A57C5F8E2F8,PROD_000492,STORE,ST_00938,7,0
STO_00000833,2024-10-10,CUST_562819DD3E8C,PROD_002639,STORE,ST_00981,2,0
STO_00000834,2024-10-10,CUST_562819DD3E8C,PROD_003682,STORE,ST_00981,2,0
STO_00000835,2024-10-11,CUST_80BB6EC01269,PROD_000736,STORE,ST_00938,1,0
STO_00000836,2024-10-12,CUST_45F52E2FBF77,PROD_000722,STORE,ST_00981,1,0
STO_00000837,2024-10-12,CUST_FE89D9CB3540,PROD_002661,DC,DC_ZGZ,2,0
STO_00000838,2024-10-16,CUST_30B1310C0C00,PROD_003416,STORE,ST_00981,2,0
STO_00000839,2024-10-17,CUST_E6B3CB323E35,PROD_000510,STORE,ST_00981,1,0
STO_00000840,2024-10-17,CUST_E6B3CB323E35,PROD_000769,STORE,ST_00981,1,0
STO_00000841,2024-10-17,CUST_E6B3CB323E35,PROD_000424,STORE,ST_00981,1,0
STO_00000842,2024-10-18,CUST_B86623D4526B,PROD_002111,DC,DC_ZGZ,5,0
STO_00000843,2024-10-18,CUST_1A57C5F8E2F8,PROD_001773,STORE,ST_00938,2,0
STO_00000844,2024-10-18,CUST_1A57C5F8E2F8,PROD_002586,STORE,ST_00938,1,0
STO_00000845,2024-10-19,CUST_562819DD3E8C,PROD_003213,STORE,ST_00981,1,0
STO_00000846,2024-10-22,CUST_C7745543FC3C,PROD_003667,DC,DC_ZGZ,1,0
STO_00000847,2024-10-22,CUST_A48ED0421DFA,PROD_002131,STORE,ST_00952,3,0
STO_00000848,2024-10-22,CUST_A48ED0421DFA,PROD_001187,STORE,ST_00952,1,0
STO_00000849,2024-10-22,CUST_774F7316CE64,PROD_002880,STORE,ST_00374,2,0
STO_00000850,2024-10-23,CUST_A87990422EB7,PROD_001251,DC,DC_ZGZ,2,0
STO_00000851,2024-10-23,CUST_DD920DB977A9,PROD_000289,STORE,ST_00938,1,0
STO_00000852,2024-10-25,CUST_30B1310C0C00,PROD_000184,DC,DC_BCN,2,0
STO_00000853,2024-10-25,CUST_58F0AAF78C67,PROD_002219,STORE,ST_01294,3,0
STO_00000854,2024-10-26,CUST_E6B3CB323E35,PROD_001231,STORE,ST_00981,3,0
STO_00000855,2024-10-26,CUST_E6B3CB323E35,PROD_000938,STORE,ST_00981,1,0
STO_00000856,2024-10-26,CUST_E6B3CB323E35,PROD_003491,STORE,ST_00981,1,0
STO_00000857,2024-10-26,CUST_E6B3CB323E35,PROD_000487,STORE,ST_00981,2,0
STO_00000858,2024-10-26,CUST_E6B3CB323E35,PROD_000095,STORE,ST_00981,4,0
STO_00000859,2024-10-26,CUST_AD23DC322C97,PROD_002601,DC,DC_MAD,4,0
STO_00000860,2024-10-26,CUST_73B61BEAF6AC,PROD_003618,DC,DC_MAD,1,0
STO_00000861,2024-10-26,CUST_707DFDB1429E,PROD_002659,DC,DC_MAD,1,0
STO_00000862,2024-10-29,CUST_D854DFCAF0B7,PROD_002548,STORE,ST_01403,2,0
STO_00000863,2024-10-29,CUST_D854DFCAF0B7,PROD_003168,STORE,ST_01403,1,0
STO_00000864,2024-10-29,CUST_D854DFCAF0B7,PROD_003380,STORE,ST_01403,2,0
STO_00000865,2024-10-29,CUST_D854DFCAF0B7,PROD_000523,STORE,ST_01403,3,0
STO_00000866,2024-10-29,CUST_D854DFCAF0B7,PROD_000425,STORE,ST_01403,1,0
STO_00000867,2024-10-30,CUST_BE05965BEFDF,PROD_000554,STORE,ST_00981,1,0
STO_00000868,2024-11-01,CUST_73B61BEAF6AC,PROD_000890,DC,DC_MAD,1,0
STO_00000869,2024-11-01,CUST_92CF1F33242D,PROD_001245,STORE,ST_00076,3,0
STO_00000870,2024-11-04,CUST_51B11B2EDEDB,PROD_001094,STORE,ST_00076,4,0
STO_00000871,2024-11-04,CUST_32735373BF4D,PROD_000268,STORE,ST_00076,1,0
STO_00000872,2024-11-04,CUST_32735373BF4D,PROD_002116,STORE,ST_00076,1,0
STO_00000873,2024-11-04,CUST_32735373BF4D,PROD_003565,STORE,ST_00076,1,0
STO_00000874,2024-11-05,CUST_BF3182BBAD84,PROD_003686,STORE,ST_00952,2,0
STO_00000875,2024-11-05,CUST_BF3182BBAD84,PROD_001445,STORE,ST_00952,1,0
STO_00000876,2024-11-05,CUST_624FBAE1E137,PROD_001371,STORE,ST_00938,3,0
STO_00000877,2024-11-06,CUST_4D71B41B3143,PROD_001096,STORE,ST_00076,2,0
STO_00000878,2024-11-06,CUST_B241519894D8,PROD_000974,STORE,ST_00938,2,0
STO_00000879,2024-11-06,CUST_A87990422EB7,PROD_000289,STORE,ST_01403,2,0
STO_00000880,2024-11-06,CUST_A87990422EB7,PROD_000579,STORE,ST_01403,1,0
STO_00000881,2024-11-06,CUST_A87990422EB7,PROD_002101,STORE,ST_01403,1,0
STO_00000882,2024-11-06,CUST_A87990422EB7,PROD_000001,STORE,ST_01403,1,0
STO_00000883,2024-11-06,CUST_A87990422EB7,PROD_003350,STORE,ST_01403,1,0
STO_00000884,2024-11-06,CUST_255B7E3D5EE4,PROD_001128,STORE,ST_00359,6,0
STO_00000885,2024-11-06,CUST_255B7E3D5EE4,PROD_003585,STORE,ST_00359,1,0
STO_00000886,2024-11-06,CUST_255B7E3D5EE4,PROD_002070,STORE,ST_00359,3,0
STO_00000887,2024-11-06,CUST_255B7E3D5EE4,PROD_003060,STORE,ST_00359,1,0
STO_00000888,2024-11-06,CUST_255B7E3D5EE4,PROD_003473,STORE,ST_00359,7,0
STO_00000889,2024-11-06,CUST_255B7E3D5EE4,PROD_001921,STORE,ST_00359,1,0
STO_00000890,2024-11-07,CUST_34871A9C672A,PROD_001814,STORE,ST_01294,1,0
STO_00000891,2024-11-08,CUST_BE05965BEFDF,PROD_001304,STORE,ST_00981,6,0
STO_00000892,2024-11-08,CUST_80BB6EC01269,PROD_000747,STORE,ST_00938,2,0
STO_00000893,2024-11-08,CUST_F4E7A4540937,PROD_002589,STORE,ST_00952,5,0
STO_00000894,2024-11-08,CUST_F4E7A4540937,PROD_003645,STORE,ST_00952,3,0
STO_00000895,2024-11-08,CUST_A87990422EB7,PROD_003202,STORE,ST_01403,1,0
STO_00000896,2024-11-08,CUST_A87990422EB7,PROD_001352,STORE,ST_01403,4,0
STO_00000897,2024-11-08,CUST_32735373BF4D,PROD_003690,STORE,ST_00076,1,0
STO_00000898,2024-11-09,CUST_25E98D7248E2,PROD_001105,STORE,ST_00981,2,0
STO_00000899,2024-11-09,CUST_25E98D7248E2,PROD_003134,STORE,ST_00981,3,0
STO_00000900,2024-11-09,CUST_4EFCE10B1A47,PROD_002875,DC,DC_VLC,6,0
STO_00000901,2024-11-09,CUST_1A57C5F8E2F8,PROD_001123,STORE,ST_00938,3,0
STO_00000902,2024-11-09,CUST_1A57C5F8E2F8,PROD_002338,STORE,ST_00938,5,0
STO_00000903,2024-11-10,CUST_CC393B5AE288,PROD_001057,STORE,ST_00938,1,0
STO_00000904,2024-11-10,CUST_CC393B5AE288,PROD_003567,STORE,ST_00938,4,0
STO_00000905,2024-11-12,CUST_513A986F9025,PROD_001506,STORE,ST_01425,4,0
STO_00000906,2024-11-14,CUST_1036D9A09007,PROD_003489,STORE,ST_01403,6,0
STO_00000907,2024-11-14,CUST_1036D9A09007,PROD_000261,STORE,ST_01403,4,0
STO_00000908,2024-11-15,CUST_4EFCE10B1A47,PROD_003695,DC,DC_VLC,5,0
STO_00000909,2024-11-15,CUST_7A1036A2C52B,PROD_000577,STORE,ST_00076,1,0
STO_00000910,2024-11-16,CUST_A87990422EB7,PROD_001533,STORE,ST_01403,2,0
STO_00000911,2024-11-16,CUST_A87990422EB7,PROD_002795,STORE,ST_01403,1,0
STO_00000912,2024-11-16,CUST_8E038E969227,PROD_001811,DC,DC_BCN,1,0
STO_00000913,2024-11-17,CUST_9D9D1BF645F6,PROD_002894,STORE,ST_00981,1,0
STO_00000914,2024-11-18,CUST_E709329FC417,PROD_001753,STORE,ST_00277,3,0
STO_00000915,2024-11-19,CUST_5C623A3C563E,PROD_000847,STORE,ST_00981,2,0
STO_00000916,2024-11-19,CUST_5C623A3C563E,PROD_003061,STORE,ST_00981,1,0
STO_00000917,2024-11-19,CUST_92CF1F33242D,PROD_001804,STORE,ST_00076,2,0
STO_00000918,2024-11-19,CUST_BF3182BBAD84,PROD_001373,STORE,ST_00952,5,0
STO_00000919,2024-11-19,CUST_BF3182BBAD84,PROD_003513,STORE,ST_00952,1,0
STO_00000920,2024-11-20,CUST_255B7E3D5EE4,PROD_001031,STORE,ST_00359,2,0
STO_00000921,2024-11-20,CUST_255B7E3D5EE4,PROD_001081,STORE,ST_00359,5,0
STO_00000922,2024-11-20,CUST_255B7E3D5EE4,PROD_000316,STORE,ST_00359,2,0
STO_00000923,2024-11-20,CUST_255B7E3D5EE4,PROD_003612,STORE,ST_00359,2,0
STO_00000924,2024-11-20,CUST_255B7E3D5EE4,PROD_000863,STORE,ST_00359,2,0
STO_00000925,2024-11-21,CUST_92CF1F33242D,PROD_000945,STORE,ST_00076,2,0
STO_00000926,2024-11-21,CUST_92CF1F33242D,PROD_001795,STORE,ST_00076,1,0
STO_00000927,2024-11-21,CUST_92CF1F33242D,PROD_002081,STORE,ST_00076,2,0
STO_00000928,2024-11-22,CUST_623225074181,PROD_001987,DC,DC_SEV,3,0
STO_00000929,2024-11-22,CUST_FBA6CDBCC653,PROD_000231,DC,DC_MAD,7,0
STO_00000930,2024-11-22,CUST_FBA6CDBCC653,PROD_002307,DC,DC_MAD,1,0
STO_00000931,2024-11-23,CUST_30B1310C0C00,PROD_001207,STORE,ST_00981,2,0
STO_00000932,2024-11-23,CUST_30B1310C0C00,PROD_003368,STORE,ST_00981,1,0
STO_00000933,2024-11-28,CUST_B3EE5A104129,PROD_003380,STORE,ST_01294,4,0
STO_00000934,2024-11-29,CUST_8A0B36D8393A,PROD_003240,DC,DC_MAD,1,0
STO_00000935,2024-11-29,CUST_8A0B36D8393A,PROD_000462,DC,DC_MAD,4,0
STO_00000936,2024-11-30,CUST_B3EE5A104129,PROD_001351,STORE,ST_01294,1,0
STO_00000937,2024-11-30,CUST_B3EE5A104129,PROD_001969,STORE,ST_01294,1,0
STO_00000938,2024-11-30,CUST_B3EE5A104129,PROD_001889,STORE,ST_01294,1,0
STO_00000939,2024-11-30,CUST_B3EE5A104129,PROD_003439,STORE,ST_01294,1,0
STO_00000940,2024-11-30,CUST_D854DFCAF0B7,PROD_003367,STORE,ST_01403,5,0
STO_00000941,2024-11-30,CUST_D854DFCAF0B7,PROD_000976,STORE,ST_01403,6,0
STO_00000942,2024-11-30,CUST_562819DD3E8C,PROD_002100,STORE,ST_00981,1,0
STO_00000943,2024-11-30,CUST_562819DD3E8C,PROD_002260,STORE,ST_00981,2,0
STO_00000944,2024-12-01,CUST_A149F920264C,PROD_003618,STORE,ST_01425,1,0
STO_00000945,2024-12-01,CUST_A149F920264C,PROD_000663,STORE,ST_01425,3,0
STO_00000946,2024-12-02,CUST_D7F3C2EFEECB,PROD_003430,STORE,ST_00277,5,0
STO_00000947,2024-12-02,CUST_D7F3C2EFEECB,PROD_002873,STORE,ST_00277,1,0
STO_00000948,2024-12-03,CUST_EADA4970ED9A,PROD_001251,STORE,ST_00076,4,0
STO_00000949,2024-12-03,CUST_80BB6EC01269,PROD_000110,STORE,ST_00938,1,0
STO_00000950,2024-12-03,CUST_90CEE9A53368,PROD_002913,STORE,ST_00938,1,0
STO_00000951,2024-12-03,CUST_90CEE9A53368,PROD_000417,STORE,ST_00938,1,0
STO_00000952,2024-12-04,CUST_FBE9DBC080FD,PROD_000134,STORE,ST_00952,1,0
STO_00000953,2024-12-04,CUST_90CEE9A53368,PROD_003722,STORE,ST_00938,1,0
STO_00000954,2024-12-04,CUST_90CEE9A53368,PROD_002863,STORE,ST_00938,1,0
STO_00000955,2024-12-04,CUST_90CEE9A53368,PROD_002936,STORE,ST_00938,3,0
STO_00000956,2024-12-05,CUST_655243FF5011,PROD_003073,STORE,ST_00076,3,0
STO_00000957,2024-12-05,CUST_A383DB2C6AC8,PROD_001450,STORE,ST_00076,2,0
STO_00000958,2024-12-05,CUST_FFE3BF337A15,PROD_001925,STORE,ST_00076,1,0
STO_00000959,2024-12-05,CUST_FE89D9CB3540,PROD_003013,DC,DC_ZGZ,2,0
STO_00000960,2024-12-06,CUST_4A94CC351E4F,PROD_003626,STORE,ST_01294,1,0
STO_00000961,2024-12-06,CUST_4A94CC351E4F,PROD_002502,STORE,ST_01294,1,0
STO_00000962,2024-12-06,CUST_4A94CC351E4F,PROD_003715,STORE,ST_01294,1,0
STO_00000963,2024-12-06,CUST_4A94CC351E4F,PROD_000245,STORE,ST_01294,3,0
STO_00000964,2024-12-06,CUST_978613281726,PROD_002064,DC,DC_MAD,1,0
STO_00000965,2024-12-07,CUST_9E2A0F79A8A7,PROD_003362,DC,DC_MAD,1,0
STO_00000966,2024-12-07,CUST_9E2A0F79A8A7,PROD_003584,DC,DC_MAD,2,0
STO_00000967,2024-12-07,CUST_9E2A0F79A8A7,PROD_000578,DC,DC_MAD,1,0
STO_00000968,2024-12-07,CUST_D7F3C2EFEECB,PROD_000696,STORE,ST_00277,3,0
STO_00000969,2024-12-09,CUST_4D71B41B3143,PROD_000165,STORE,ST_00076,4,0
STO_00000970,2024-12-09,CUST_4D71B41B3143,PROD_001454,STORE,ST_00076,1,0
STO_00000971,2024-12-09,CUST_EADA4970ED9A,PROD_003712,STORE,ST_00076,1,0
STO_00000972,2024-12-09,CUST_4A94CC351E4F,PROD_000201,DC,DC_SEV,3,0
STO_00000973,2024-12-12,CUST_A2119FD34579,PROD_000431,STORE,ST_00981,2,0
STO_00000974,2024-12-12,CUST_4758A6499CDC,PROD_001214,STORE,ST_00952,1,0
STO_00000975,2024-12-12,CUST_4758A6499CDC,PROD_003197,STORE,ST_00952,1,0
STO_00000976,2024-12-13,CUST_FBE9DBC080FD,PROD_001311,STORE,ST_00952,1,0
STO_00000977,2024-12-14,CUST_413530A900AD,PROD_001386,STORE,ST_00076,1,0
STO_00000978,2024-12-14,CUST_BE05965BEFDF,PROD_003530,STORE,ST_00981,2,0
STO_00000979,2024-12-14,CUST_12B2940C3503,PROD_002069,DC,DC_ZGZ,2,0
STO_00000980,2024-12-18,CUST_CC393B5AE288,PROD_000433,STORE,ST_00938,2,0
STO_00000981,2024-12-18,CUST_CC393B5AE288,PROD_002871,STORE,ST_00938,2,0
STO_00000982,2024-12-19,CUST_CC393B5AE288,PROD_003489,STORE,ST_00938,2,0
STO_00000983,2024-12-19,CUST_CC393B5AE288,PROD_002041,STORE,ST_00938,1,0
STO_00000984,2024-12-19,CUST_CC393B5AE288,PROD_000321,STORE,ST_00938,1,0
STO_00000985,2024-12-19,CUST_CC393B5AE288,PROD_002831,STORE,ST_00938,1,0
STO_00000986,2024-12-19,CUST_624FBAE1E137,PROD_000379,STORE,ST_00938,3,0
STO_00000987,2024-12-20,CUST_AB0B15F0EA19,PROD_003224,STORE,ST_00952,1,0
STO_00000988,2024-12-20,CUST_C1D7F3025D16,PROD_001084,STORE,ST_00952,2,0
STO_00000989,2024-12-21,CUST_80BB6EC01269,PROD_000498,DC,DC_BCN,2,0
STO_00000990,2024-12-21,CUST_FB8FD8B48EAD,PROD_002955,STORE,ST_00374,1,0
STO_00000991,2024-12-23,CUST_4EFCE10B1A47,PROD_001375,STORE,ST_00374,3,0
STO_00000992,2024-12-23,CUST_4EFCE10B1A47,PROD_003677,STORE,ST_00374,1,0
STO_00000993,2024-12-24,CUST_58F0AAF78C67,PROD_000806,STORE,ST_01294,5,0
STO_00000994,2024-12-24,CUST_BF3182BBAD84,PROD_002429,STORE,ST_00952,5,0
STO_00000995,2024-12-24,CUST_BF3182BBAD84,PROD_003391,STORE,ST_00952,3,0
STO_00000996,2024-12-24,CUST_978613281726,PROD_000409,DC,DC_MAD,1,0
STO_00000997,2024-12-25,CUST_8962929C93B3,PROD_000826,DC,DC_MAD,2,0
STO_00000998,2024-12-26,CUST_E709329FC417,PROD_000344,STORE,ST_00277,1,0
STO_00000999,2024-12-26,CUST_E709329FC417,PROD_003515,STORE,ST_00277,2,0
STO_00001000,2024-12-27,CUST_697C87FA841A,PROD_001556,DC,DC_ZGZ,1,0
STO_00001001,2024-12-27,CUST_C5A1AD05B912,PROD_002760,DC,DC_ZGZ,2,0
STO_00001002,2024-12-27,CUST_501B5EE68495,PROD_001256,STORE,ST_01294,4,0
STO_00001003,2024-12-27,CUST_501B5EE68495,PROD_001436,STORE,ST_01294,5,0
STO_00001004,2024-12-27,CUST_774F7316CE64,PROD_003478,DC,DC_VLC,3,0
STO_00001005,2024-12-28,CUST_668C0B95017C,PROD_001150,DC,DC_BCN,1,0
STO_00001006,2024-12-28,CUST_A3010E5D8C6A,PROD_003558,DC,DC_SEV,1,0
STO_00001007,2024-12-28,CUST_A3010E5D8C6A,PROD_002473,DC,DC_SEV,1,0
STO_00001008,2024-12-28,CUST_255B7E3D5EE4,PROD_001818,STORE,ST_00359,1,0
STO_00001009,2024-12-28,CUST_255B7E3D5EE4,PROD_003495,STORE,ST_00359,1,0
STO_00001010,2024-12-30,CUST_FB8FD8B48EAD,PROD_001742,STORE,ST_00374,4,0
STO_00001011,2024-12-30,CUST_FB8FD8B48EAD,PROD_000382,STORE,ST_00374,2,0
